t,algorithm,seed,V,window,grid_density,mos,snr_db,q_bps
1,raucb_plus,2,50,64,10,1.0,7.443951765723398,841.1464296292394
2,raucb_plus,2,50,64,10,1.0,16.42683977568948,783.3049913354154
3,raucb_plus,2,50,64,10,1.0,15.465797688073302,656.5560930051511
4,raucb_plus,2,50,64,10,1.0,15.376259745758436,788.3465126499298
5,raucb_plus,2,50,64,10,1.0,-0.42152152375840757,1055.5655803028849
6,raucb_plus,2,50,64,10,1.0,7.532229317831864,1028.0332076440757
7,raucb_plus,2,50,64,10,1.0,0.7767532214528412,857.2283707521642
8,raucb_plus,2,50,64,10,1.0,17.204424552069675,930.4437733546988
9,raucb_plus,2,50,64,10,1.0,9.022014299948365,1054.7796670618757
10,raucb_plus,2,50,64,10,1.0,8.980134414316773,1422.1070559818593
11,raucb_plus,2,50,64,10,1.0,11.516751790738796,919.5500961872689
12,raucb_plus,2,50,64,10,1.0,14.56443439129184,1023.979069842427
13,raucb_plus,2,50,64,10,1.0,13.545651952232948,1002.7972574492081
14,raucb_plus,2,50,64,10,1.0,5.799997352676012,754.1371683088455
15,raucb_plus,2,50,64,10,1.0,7.774223279202181,1053.8266214776238
16,raucb_plus,2,50,64,10,1.0,10.524715270403428,1553.4657360502629
17,raucb_plus,2,50,64,10,1.0,3.029728161459227,901.9527175271222
18,raucb_plus,2,50,64,10,1.0,1.2334724704396525,951.5220781361647
19,raucb_plus,2,50,64,10,1.0,7.410073365398102,1144.7038770496936
20,raucb_plus,2,50,64,10,1.0,14.019380689756748,916.7503158855177
21,raucb_plus,2,50,64,10,1.0,14.154197434925177,1140.771599353965
22,raucb_plus,2,50,64,10,1.0,-0.5468033171406468,888.4365858302745
23,raucb_plus,2,50,64,10,1.0,9.488285846070912,1371.6969713178046
24,raucb_plus,2,50,64,10,1.0,9.191161654265528,924.6199731511477
25,raucb_plus,2,50,64,10,1.0,13.039763982810634,1171.5099864383178
26,raucb_plus,2,50,64,10,1.0,5.2783864724081395,1403.600393166966
27,raucb_plus,2,50,64,10,1.0,9.412082452596946,1035.8805297786798
28,raucb_plus,2,50,64,10,1.0,20.51917707455624,827.0478491799855
29,raucb_plus,2,50,64,10,1.0,4.455828059802048,999.6967512503006
30,raucb_plus,2,50,64,10,1.0,5.008258505908365,1401.3685978283036
31,raucb_plus,2,50,64,10,1.0,8.369551125332586,1170.3097069963665
32,raucb_plus,2,50,64,10,1.0,10.436909463025323,804.1945039409144
33,raucb_plus,2,50,64,10,1.0,1.3444124833114817,1229.3330725853211
34,raucb_plus,2,50,64,10,1.0,10.223298185181573,680.0497737930696
35,raucb_plus,2,50,64,10,1.0,9.252397462298486,1434.9335377114176
36,raucb_plus,2,50,64,10,1.0,11.195701479134765,1088.0281972706912
37,raucb_plus,2,50,64,10,1.0,9.640019116624616,925.4935788246862
38,raucb_plus,2,50,64,10,1.0,9.778533641781154,881.3472380088223
39,raucb_plus,2,50,64,10,1.0,2.9621648649599877,925.4218476298611
40,raucb_plus,2,50,64,10,1.0,12.04587793319273,1139.590514185568
41,raucb_plus,2,50,64,10,1.0,10.53498183094622,806.6872316847156
42,raucb_plus,2,50,64,10,1.0,1.2828936879872153,896.2358759964017
43,raucb_plus,2,50,64,10,1.0,14.925775207245305,1225.9579948622468
44,raucb_plus,2,50,64,10,1.0,6.8601956032272895,1179.552494895632
45,raucb_plus,2,50,64,10,1.0,9.363348150097625,992.2320129287419
46,raucb_plus,2,50,64,10,1.0,8.446793859224627,1215.7087732987889
47,raucb_plus,2,50,64,10,1.0,9.381913838796155,1329.8702564970008
48,raucb_plus,2,50,64,10,1.0,9.715698153693266,1416.5909893549378
49,raucb_plus,2,50,64,10,1.0,1.7884157147766881,858.0370158406653
50,raucb_plus,2,50,64,10,1.0,10.641503402895195,930.0781148956612
51,raucb_plus,2,50,64,10,1.0,4.412817266100403,904.6054339212561
52,raucb_plus,2,50,64,10,1.0,4.591789942364467,1180.6068776244592
53,raucb_plus,2,50,64,10,1.0,4.214235637892617,982.8147256998712
54,raucb_plus,2,50,64,10,1.0,6.416447140119508,1279.207421479245
55,raucb_plus,2,50,64,10,1.0,16.638313637422556,691.7259667290766
56,raucb_plus,2,50,64,10,1.0,18.067412971294644,1051.5454669489384
57,raucb_plus,2,50,64,10,1.0,14.081774872917599,484.78427035943184
58,raucb_plus,2,50,64,10,1.0,-1.9870814660023193,922.7137708848485
59,raucb_plus,2,50,64,10,1.0,3.4642071173064135,1272.9492238093749
60,raucb_plus,2,50,64,10,1.0,3.8228152347635262,1206.0554692840064
61,raucb_plus,2,50,64,10,1.0,5.412081635683054,966.7998978797377
62,raucb_plus,2,50,64,10,1.0,9.787511809229223,978.8214249262546
63,raucb_plus,2,50,64,10,1.0,13.10041099369366,1221.1582982916552
64,raucb_plus,2,50,64,10,1.0,14.019378479133483,1342.248014019328
65,raucb_plus,2,50,64,10,1.0,3.4877122054704426,852.7111838411817
66,raucb_plus,2,50,64,10,1.0,8.242259165424652,1088.1987914049896
67,raucb_plus,2,50,64,10,1.0,10.263187517778254,875.1982365487966
68,raucb_plus,2,50,64,10,1.0,14.150871560475913,1150.0400875451644
69,raucb_plus,2,50,64,10,1.0,0.03809702177082919,1158.8915554777127
70,raucb_plus,2,50,64,10,1.0,1.9228540742700808,957.100429119441
71,raucb_plus,2,50,64,10,1.0,6.8478300247560835,727.1200007462542
72,raucb_plus,2,50,64,10,1.0,1.6210859549845118,1238.1947038199887
73,raucb_plus,2,50,64,10,1.0,9.970261620909428,750.2983356435891
74,raucb_plus,2,50,64,10,1.0,7.601178325877015,854.4888347336324
75,raucb_plus,2,50,64,10,1.0,14.048198715910804,1120.1188433073596
76,raucb_plus,2,50,64,10,1.0,5.343794781843027,1165.6268933504066
77,raucb_plus,2,50,64,10,1.0,9.747772818753344,983.9827841099301
78,raucb_plus,2,50,64,10,1.0,10.27794513232446,1293.017316897817
79,raucb_plus,2,50,64,10,1.0,4.976375254666462,1040.0917111995598
80,raucb_plus,2,50,64,10,1.0,14.711887729216684,1020.0315029136464
81,raucb_plus,2,50,64,10,1.0,8.88825825415099,617.8000321688762
82,raucb_plus,2,50,64,10,1.0,12.799694658194971,900.277689452766
83,raucb_plus,2,50,64,10,1.0,11.589662453784598,1170.2847590475537
84,raucb_plus,2,50,64,10,1.0,15.282087338446999,1123.279632449602
85,raucb_plus,2,50,64,10,1.0,9.520773024165056,1016.2694229835018
86,raucb_plus,2,50,64,10,1.0,15.894982390238596,757.2425671141074
87,raucb_plus,2,50,64,10,1.0,10.001795631775275,1161.0889755073088
88,raucb_plus,2,50,64,10,1.0,6.603973187407343,860.7688355946061
89,raucb_plus,2,50,64,10,1.0,11.91918901294684,1055.9037045021773
90,raucb_plus,2,50,64,10,1.0,10.87331118506478,1119.7433165975626
91,raucb_plus,2,50,64,10,1.0,8.613128594034421,1106.9721391917699
92,raucb_plus,2,50,64,10,1.0,6.822026306771065,1200.5752456406804
93,raucb_plus,2,50,64,10,1.0,4.01055736158448,1057.313189381616
94,raucb_plus,2,50,64,10,1.0,4.870117318471314,1421.783128458691
95,raucb_plus,2,50,64,10,1.0,13.12602395755725,677.6029553262157
96,raucb_plus,2,50,64,10,1.0,11.272068143115726,819.6038806786822
97,raucb_plus,2,50,64,10,1.0,3.442074027948072,797.2441663247639
98,raucb_plus,2,50,64,10,1.0,7.790503845494532,1247.4547373822447
99,raucb_plus,2,50,64,10,1.0,9.821733477667632,1036.7568296377813
100,raucb_plus,2,50,64,10,1.0,11.048666338137716,697.6953218144865
101,raucb_plus,2,50,64,10,1.0,16.153643281475162,956.2908395763592
102,raucb_plus,2,50,64,10,1.0,16.002332452180696,1100.8458951576283
103,raucb_plus,2,50,64,10,1.0,7.412948743327241,912.7021437528417
104,raucb_plus,2,50,64,10,1.0,7.5173116406898455,1349.403185951593
105,raucb_plus,2,50,64,10,1.0,16.4285515431429,1216.9775671222978
106,raucb_plus,2,50,64,10,1.0,8.641172291951282,894.7561038283517
107,raucb_plus,2,50,64,10,1.0,7.534824304866729,1060.4727926222376
108,raucb_plus,2,50,64,10,1.0,2.6672165243054815,1238.8975952324583
109,raucb_plus,2,50,64,10,1.0,4.899093487369214,887.458018946877
110,raucb_plus,2,50,64,10,1.0,12.87559017733259,680.9017885774149
111,raucb_plus,2,50,64,10,1.0,15.661522883670308,802.5659144957172
112,raucb_plus,2,50,64,10,1.0,20.376906844984358,1101.5191091977415
113,raucb_plus,2,50,64,10,1.0,4.979696361761821,1206.2984085104333
114,raucb_plus,2,50,64,10,1.0,14.026651373168786,925.1979918684398
115,raucb_plus,2,50,64,10,1.0,11.892479385738023,667.9739094755241
116,raucb_plus,2,50,64,10,1.0,13.149048954045126,641.7226288274984
117,raucb_plus,2,50,64,10,1.0,19.50001280397467,1015.8082929832883
118,raucb_plus,2,50,64,10,1.0,12.166792172469103,786.1319205852267
119,raucb_plus,2,50,64,10,1.0,12.954632512233012,689.7616235544739
120,raucb_plus,2,50,64,10,1.0,-2.8193270860375854,1029.4059817484545
121,raucb_plus,2,50,64,10,1.0,11.863984257771406,761.8754766130836
122,raucb_plus,2,50,64,10,1.0,5.082289975600069,859.8138027187949
123,raucb_plus,2,50,64,10,1.0,3.8775279917909478,897.5712825845325
124,raucb_plus,2,50,64,10,1.0,12.74565310105319,1500.3294209357477
125,raucb_plus,2,50,64,10,1.0,22.174619814635896,1394.1282152499484
126,raucb_plus,2,50,64,10,1.0,9.045956986106827,1162.3517796298902
127,raucb_plus,2,50,64,10,1.0,6.2967870028590145,1222.5500796381452
128,raucb_plus,2,50,64,10,1.0,6.490691544917544,1100.5837394814228
129,raucb_plus,2,50,64,10,1.0,0.029207063161697633,1000.4185770005109
130,raucb_plus,2,50,64,10,1.0,10.515046312371975,781.6613684607357
131,raucb_plus,2,50,64,10,1.0,14.76485129704827,1038.7145491457777
132,raucb_plus,2,50,64,10,1.0,12.636775959837589,775.781141291216
133,raucb_plus,2,50,64,10,1.0,8.838140863707165,1169.52177701252
134,raucb_plus,2,50,64,10,1.0,7.280411501727515,1064.9205662433942
135,raucb_plus,2,50,64,10,1.0,4.510386203620942,928.8959504992727
136,raucb_plus,2,50,64,10,1.0,10.850942187339903,1112.3308375131787
137,raucb_plus,2,50,64,10,1.0,13.073566245064562,1221.1488711887569
138,raucb_plus,2,50,64,10,1.0,18.095991374840654,874.1924001710508
139,raucb_plus,2,50,64,10,1.0,9.97812623930956,938.1209514126343
140,raucb_plus,2,50,64,10,1.0,18.274945291662057,1135.9838036838914
141,raucb_plus,2,50,64,10,1.0,10.118832588414977,1232.9566187566656
142,raucb_plus,2,50,64,10,1.0,13.376783432027546,1080.3539586670145
143,raucb_plus,2,50,64,10,1.0,13.32603612496178,1071.7914712586928
144,raucb_plus,2,50,64,10,1.0,7.715293930623105,744.7640695357276
145,raucb_plus,2,50,64,10,1.0,6.06843095544469,1237.1116333009807
146,raucb_plus,2,50,64,10,1.0,12.777034254981396,1381.8971000664797
147,raucb_plus,2,50,64,10,1.0,14.82487649149025,1135.621708064615
148,raucb_plus,2,50,64,10,1.0,11.325549806292804,899.3829320189518
149,raucb_plus,2,50,64,10,1.0,8.97857791635376,1289.1684077336
150,raucb_plus,2,50,64,10,1.0,8.783776510256951,809.7886890706375
151,raucb_plus,2,50,64,10,1.0,10.146835915430945,1230.6885928469408
152,raucb_plus,2,50,64,10,1.0,9.949397188661836,1038.4248461861985
153,raucb_plus,2,50,64,10,1.0,12.398990533353437,1098.5080504952225
154,raucb_plus,2,50,64,10,1.0,10.882566760895816,1148.9459750596984
155,raucb_plus,2,50,64,10,1.0,4.873759508229116,1248.0906662818852
156,raucb_plus,2,50,64,10,1.0,1.7335383235516915,1044.8285288224654
157,raucb_plus,2,50,64,10,1.0,17.145864407692912,885.3815705877057
158,raucb_plus,2,50,64,10,1.0,13.649110772220558,751.6479746353623
159,raucb_plus,2,50,64,10,1.0,8.182392941180407,1110.0139232976364
160,raucb_plus,2,50,64,10,1.0,4.010940233789069,1596.1975378611446
161,raucb_plus,2,50,64,10,1.0,9.773719147404138,989.9333085099059
162,raucb_plus,2,50,64,10,1.0,7.541862129705362,482.62319513895454
163,raucb_plus,2,50,64,10,1.0,20.30486337484014,720.9105893954359
164,raucb_plus,2,50,64,10,1.0,8.266652561855839,1243.9344831503226
165,raucb_plus,2,50,64,10,1.0,13.935414986350633,1118.0331066664035
166,raucb_plus,2,50,64,10,1.0,11.935863144098732,984.7073108493696
167,raucb_plus,2,50,64,10,1.0,8.193754337982785,1026.771599414871
168,raucb_plus,2,50,64,10,1.0,6.743215813808802,1168.1558056712618
169,raucb_plus,2,50,64,10,1.0,8.104619527659779,976.0884894164163
170,raucb_plus,2,50,64,10,1.0,15.21745283164823,927.8290113767738
171,raucb_plus,2,50,64,10,1.0,7.555176873293416,1009.491736271923
172,raucb_plus,2,50,64,10,1.0,18.177100589760556,1040.2573544318325
173,raucb_plus,2,50,64,10,1.0,15.16234910941721,944.8727236470725
174,raucb_plus,2,50,64,10,1.0,2.915549289496475,854.6094331844909
175,raucb_plus,2,50,64,10,1.0,10.232204712818447,1388.4189156282744
176,raucb_plus,2,50,64,10,1.0,6.06369870276837,933.861050056034
177,raucb_plus,2,50,64,10,1.0,16.27008518484475,925.6579539698349
178,raucb_plus,2,50,64,10,1.0,12.324710416584457,1189.611467753329
179,raucb_plus,2,50,64,10,1.0,11.981329050466393,1216.116864805676
180,raucb_plus,2,50,64,10,1.0,6.429538124531671,941.0227860967847
181,raucb_plus,2,50,64,10,1.0,17.21632660710901,1072.515486998832
182,raucb_plus,2,50,64,10,1.0,8.065885761932233,912.1962172437978
183,raucb_plus,2,50,64,10,1.0,12.556069011550258,805.7236017917396
184,raucb_plus,2,50,64,10,1.0,9.774080297619728,1162.4128156598474
185,raucb_plus,2,50,64,10,1.0,10.417863930881747,1154.3259487507016
186,raucb_plus,2,50,64,10,1.0,10.85459116535145,907.7071780300776
187,raucb_plus,2,50,64,10,1.0,20.302535648321175,873.7543421427446
188,raucb_plus,2,50,64,10,1.0,11.0926381815938,950.2706714333762
189,raucb_plus,2,50,64,10,1.0,4.466435954381786,727.21429465003
190,raucb_plus,2,50,64,10,1.0,7.863132943224754,689.1137616767236
191,raucb_plus,2,50,64,10,1.0,8.378856692084735,1192.257173367949
192,raucb_plus,2,50,64,10,1.0,15.185437400329654,823.2617982915201
193,raucb_plus,2,50,64,10,1.0,6.6000265238787845,1288.650963259468
194,raucb_plus,2,50,64,10,1.0,8.15231221796487,1032.3023913255558
195,raucb_plus,2,50,64,10,1.0,2.2840228619968954,1029.0895178241515
196,raucb_plus,2,50,64,10,1.0,7.252626916354997,1079.359447282041
197,raucb_plus,2,50,64,10,1.0,17.383618809349088,1489.829269272761
198,raucb_plus,2,50,64,10,1.0,7.049935023242808,914.9322795019914
199,raucb_plus,2,50,64,10,1.0,10.953975767104899,1022.0161618572254
200,raucb_plus,2,50,64,10,1.0,13.394539601539304,1211.0786903803191
201,raucb_plus,2,50,64,10,1.0,19.447501642658466,1058.605926770077
202,raucb_plus,2,50,64,10,1.0,13.82340622253577,788.9597032131851
203,raucb_plus,2,50,64,10,1.0,19.42040841252968,1282.8175537853208
204,raucb_plus,2,50,64,10,1.0,11.362151720665901,950.3031911035888
205,raucb_plus,2,50,64,10,1.0,12.486440221387477,1038.0197894275161
206,raucb_plus,2,50,64,10,1.0,6.637372072097126,954.4587059202438
207,raucb_plus,2,50,64,10,1.0,6.362563490023955,637.7528382905485
208,raucb_plus,2,50,64,10,1.0,6.4264253997737235,1047.9166009453204
209,raucb_plus,2,50,64,10,1.0,6.049921946067704,987.964814198649
210,raucb_plus,2,50,64,10,1.0,-1.629811154682459,1170.7133857637896
211,raucb_plus,2,50,64,10,1.0,6.2994642690148694,799.7680747172282
212,raucb_plus,2,50,64,10,1.0,2.1411240198947024,929.9876320663446
213,raucb_plus,2,50,64,10,1.0,15.177061220944994,933.6037632477115
214,raucb_plus,2,50,64,10,1.0,12.78333797509297,1186.7497141022275
215,raucb_plus,2,50,64,10,1.0,16.092894807543075,741.9068312963134
216,raucb_plus,2,50,64,10,1.0,9.156690416172383,1029.838600817186
217,raucb_plus,2,50,64,10,1.0,10.60564401537262,880.2132856344609
218,raucb_plus,2,50,64,10,1.0,16.910440774362023,1112.0784317888158
219,raucb_plus,2,50,64,10,1.0,4.357266123971225,1074.977801311029
220,raucb_plus,2,50,64,10,1.0,8.981395756479118,1026.8274224584213
221,raucb_plus,2,50,64,10,1.0,4.809277295633514,1116.7252636484761
222,raucb_plus,2,50,64,10,1.0,10.888050281961647,911.1854250733514
223,raucb_plus,2,50,64,10,1.0,12.58603665013317,1117.3615275166057
224,raucb_plus,2,50,64,10,1.0,14.604807181455143,1182.476610099406
225,raucb_plus,2,50,64,10,1.0,12.913846469961186,915.4716903972776
226,raucb_plus,2,50,64,10,1.0,7.5085223762641125,939.6604714543859
227,raucb_plus,2,50,64,10,1.0,2.9678413921125157,824.4919978470942
228,raucb_plus,2,50,64,10,1.0,8.492466395095011,957.7571891327995
229,raucb_plus,2,50,64,10,1.0,10.853145380427748,1296.1167301856083
230,raucb_plus,2,50,64,10,1.0,16.740550085598784,902.2404179793277
231,raucb_plus,2,50,64,10,1.0,6.128826237385738,699.9248033395086
232,raucb_plus,2,50,64,10,1.0,8.616001992181516,795.6086061254312
233,raucb_plus,2,50,64,10,1.0,6.612500098133229,1040.141954339835
234,raucb_plus,2,50,64,10,1.0,17.314193517611077,1050.8453998797402
235,raucb_plus,2,50,64,10,1.0,9.696280375142965,988.7158982287449
236,raucb_plus,2,50,64,10,1.0,7.4164638316332265,1032.5950816852585
237,raucb_plus,2,50,64,10,1.0,13.140462661272307,1049.1161083010195
238,raucb_plus,2,50,64,10,1.0,14.671201107429741,1041.1238857357307
239,raucb_plus,2,50,64,10,1.0,8.634539386085136,1097.2356393941584
240,raucb_plus,2,50,64,10,1.0,21.24208160046149,997.1869419290732
241,raucb_plus,2,50,64,10,1.0,5.065069836475315,1039.3046901467494
242,raucb_plus,2,50,64,10,1.0,3.994460784127507,1011.9455910964571
243,raucb_plus,2,50,64,10,1.0,2.805262147827552,1074.0284018097793
244,raucb_plus,2,50,64,10,1.0,16.852805325796858,1028.3277837407984
245,raucb_plus,2,50,64,10,1.0,1.7283226968218717,1148.5358149251433
246,raucb_plus,2,50,64,10,1.0,4.013906692570652,811.0655402234155
247,raucb_plus,2,50,64,10,1.0,8.510195207776786,858.438227910993
248,raucb_plus,2,50,64,10,1.0,12.177716448586636,746.1403404155443
249,raucb_plus,2,50,64,10,1.0,3.9367265280407127,886.9425181432997
250,raucb_plus,2,50,64,10,1.0,12.595540777101503,623.6186577976746
251,raucb_plus,2,50,64,10,1.0,12.743078154598166,906.5936102252235
252,raucb_plus,2,50,64,10,1.0,13.089205695941995,684.5674457321923
253,raucb_plus,2,50,64,10,1.0,12.926152349635604,984.1985969902945
254,raucb_plus,2,50,64,10,1.0,13.807795599230337,1156.7953544843833
255,raucb_plus,2,50,64,10,1.0,-3.0713592157001344,787.2845784765764
256,raucb_plus,2,50,64,10,1.0,18.481094956664485,933.3288083834242
257,raucb_plus,2,50,64,10,1.0,12.841174183056086,1031.8987134542592
258,raucb_plus,2,50,64,10,1.0,6.655474885096701,1060.389355718357
259,raucb_plus,2,50,64,10,1.0,9.05464075440498,1190.1074827325747
260,raucb_plus,2,50,64,10,1.0,14.926795442743956,786.1534763229124
261,raucb_plus,2,50,64,10,1.0,8.436918997508387,666.061379185619
262,raucb_plus,2,50,64,10,1.0,7.315951019268933,837.8642683844398
263,raucb_plus,2,50,64,10,1.0,14.862657910350972,812.5725744562245
264,raucb_plus,2,50,64,10,1.0,7.197034155013224,890.9221950364041
265,raucb_plus,2,50,64,10,1.0,11.976625222895226,1310.917416725391
266,raucb_plus,2,50,64,10,1.0,15.836651732446128,961.9551979358929
267,raucb_plus,2,50,64,10,1.0,12.396619591359833,925.8575559580466
268,raucb_plus,2,50,64,10,1.0,5.0891210740942565,1409.058771074986
269,raucb_plus,2,50,64,10,1.0,13.926896690452757,1129.1063202187433
270,raucb_plus,2,50,64,10,1.0,11.5569657342174,1157.923131235182
271,raucb_plus,2,50,64,10,1.0,13.636375077875572,1353.494199312952
272,raucb_plus,2,50,64,10,1.0,13.427211345257293,1262.6321494095218
273,raucb_plus,2,50,64,10,1.0,13.717198807484031,1185.472565495509
274,raucb_plus,2,50,64,10,1.0,11.208537146537543,900.4879038749793
275,raucb_plus,2,50,64,10,1.0,2.003778921366904,1041.145047319042
276,raucb_plus,2,50,64,10,1.0,7.29953492687336,1219.725949924472
277,raucb_plus,2,50,64,10,1.0,7.872781658487688,1225.1295124573992
278,raucb_plus,2,50,64,10,1.0,4.493082790526958,1420.0179017863827
279,raucb_plus,2,50,64,10,1.0,15.557867674598782,563.190907411873
280,raucb_plus,2,50,64,10,1.0,13.154124648287619,1111.4868425117857
281,raucb_plus,2,50,64,10,1.0,18.824096098883416,1119.877270763393
282,raucb_plus,2,50,64,10,1.0,15.202168376421975,1072.7042062762307
283,raucb_plus,2,50,64,10,1.0,10.29317867870575,641.8280382756143
284,raucb_plus,2,50,64,10,1.0,9.862955404329968,1179.3262590498418
285,raucb_plus,2,50,64,10,1.0,17.654176274046286,1327.644707609101
286,raucb_plus,2,50,64,10,1.0,-1.3523892377061664,1155.6005520958188
287,raucb_plus,2,50,64,10,1.0,8.678168124069922,794.6643290500153
288,raucb_plus,2,50,64,10,1.0,6.981350735415877,1160.7893490201966
289,raucb_plus,2,50,64,10,1.0,9.250497346262632,1073.327173310767
290,raucb_plus,2,50,64,10,1.0,6.3732620925058505,1039.174269140103
291,raucb_plus,2,50,64,10,1.0,9.969448593281271,802.2670901176346
292,raucb_plus,2,50,64,10,1.0,4.138262667898434,1208.7667876534115
293,raucb_plus,2,50,64,10,1.0,-0.4370416486191111,626.9512439432635
294,raucb_plus,2,50,64,10,1.0,12.94715348016356,1124.890795974934
295,raucb_plus,2,50,64,10,1.0,6.877327441367145,1226.469175177526
296,raucb_plus,2,50,64,10,1.0,18.539951519717143,1135.497879125468
297,raucb_plus,2,50,64,10,1.0,11.250089382963955,579.7796981406966
298,raucb_plus,2,50,64,10,1.0,5.578277826209162,1156.5455506385133
299,raucb_plus,2,50,64,10,1.0,7.733383678451993,728.3272880366665
300,raucb_plus,2,50,64,10,1.0,7.92708647614368,854.2479871263638
301,raucb_plus,2,50,64,10,1.0,13.95162968989134,1111.5223678164557
302,raucb_plus,2,50,64,10,1.0,8.759201436537392,1091.9465087767694
303,raucb_plus,2,50,64,10,1.0,1.995293764535738,766.4305725722884
304,raucb_plus,2,50,64,10,1.0,10.387524951732292,849.0874886466886
305,raucb_plus,2,50,64,10,1.0,6.485866673652346,1023.5682163574728
306,raucb_plus,2,50,64,10,1.0,18.406645999971364,1041.8913678908393
307,raucb_plus,2,50,64,10,1.0,1.4673647079665226,820.3296965661958
308,raucb_plus,2,50,64,10,1.0,5.956442412781484,825.3635717624227
309,raucb_plus,2,50,64,10,1.0,6.981062666391512,855.8296427758324
310,raucb_plus,2,50,64,10,1.0,4.010297092805302,532.7836793231836
311,raucb_plus,2,50,64,10,1.0,6.795643132590595,927.0311579196533
312,raucb_plus,2,50,64,10,1.0,10.638627562031179,694.7211038883422
313,raucb_plus,2,50,64,10,1.0,3.6365099711213666,1024.3965710458478
314,raucb_plus,2,50,64,10,1.0,18.100665891080336,1197.7702142515002
315,raucb_plus,2,50,64,10,1.0,15.613456689686863,1095.5711392618055
316,raucb_plus,2,50,64,10,1.0,0.19094445714864605,1068.1778304968577
317,raucb_plus,2,50,64,10,1.0,6.865171077248113,1150.093693172806
318,raucb_plus,2,50,64,10,1.0,4.914171049380855,1058.7798493340094
319,raucb_plus,2,50,64,10,1.0,14.699585185895012,965.0862532789688
320,raucb_plus,2,50,64,10,1.0,4.05718687241094,982.8419708286855
321,raucb_plus,2,50,64,10,1.0,4.864782532487359,802.9228137394039
322,raucb_plus,2,50,64,10,1.0,13.40501276406139,1241.1276937354191
323,raucb_plus,2,50,64,10,1.0,15.385263703080927,756.2763737807802
324,raucb_plus,2,50,64,10,1.0,10.304303200440106,1153.2184116806354
325,raucb_plus,2,50,64,10,1.0,10.950819304839516,1064.2865771780191
326,raucb_plus,2,50,64,10,1.0,2.97917385170342,901.7569413720396
327,raucb_plus,2,50,64,10,1.0,6.9658269945387055,976.2404972646889
328,raucb_plus,2,50,64,10,1.0,10.71875892388644,1056.420181767122
329,raucb_plus,2,50,64,10,1.0,9.680240141081713,892.7870177872716
330,raucb_plus,2,50,64,10,1.0,16.56290826248955,1051.8167338301294
331,raucb_plus,2,50,64,10,1.0,19.711484956934605,722.4103274207689
332,raucb_plus,2,50,64,10,1.0,4.668263233191553,1083.0278211709353
333,raucb_plus,2,50,64,10,1.0,3.5861077319960364,960.0020456110924
334,raucb_plus,2,50,64,10,1.0,-1.6451509821401125,821.1475521258673
335,raucb_plus,2,50,64,10,1.0,12.410899647766415,731.136948613485
336,raucb_plus,2,50,64,10,1.0,8.683028693492467,1128.0633770253114
337,raucb_plus,2,50,64,10,1.0,18.671043751255866,704.8629643992977
338,raucb_plus,2,50,64,10,1.0,6.353502331129064,786.2036349981365
339,raucb_plus,2,50,64,10,1.0,8.979711001310122,887.1906765938879
340,raucb_plus,2,50,64,10,1.0,4.578212764933331,1640.6555588568235
341,raucb_plus,2,50,64,10,1.0,15.369997003439813,1166.1030259495067
342,raucb_plus,2,50,64,10,1.0,15.65669736486834,882.2293325777798
343,raucb_plus,2,50,64,10,1.0,23.148486750491486,1100.778400470938
344,raucb_plus,2,50,64,10,1.0,2.205403232275086,1237.96744750042
345,raucb_plus,2,50,64,10,1.0,13.831958735511437,718.7546325225585
346,raucb_plus,2,50,64,10,1.0,14.088348480898828,1410.3630215639434
347,raucb_plus,2,50,64,10,1.0,3.038475675927362,1025.6372157096391
348,raucb_plus,2,50,64,10,1.0,7.7807611062923066,749.7143692687273
349,raucb_plus,2,50,64,10,1.0,13.973578742754906,828.4397929189703
350,raucb_plus,2,50,64,10,1.0,5.117844160355546,1159.825962883766
351,raucb_plus,2,50,64,10,1.0,8.397227796376326,1365.739623040985
352,raucb_plus,2,50,64,10,1.0,9.37629008593825,1066.1506283762726
353,raucb_plus,2,50,64,10,1.0,7.436505196029063,1204.2502853111698
354,raucb_plus,2,50,64,10,1.0,3.3800638752791548,1006.9103578631085
355,raucb_plus,2,50,64,10,1.0,2.3495037337210043,765.1274751822248
356,raucb_plus,2,50,64,10,1.0,13.235628204577786,1146.8111964952675
357,raucb_plus,2,50,64,10,1.0,2.2127568704754648,1179.0784875861755
358,raucb_plus,2,50,64,10,1.0,2.2315387193558074,1149.7611058400955
359,raucb_plus,2,50,64,10,1.0,12.122527492661735,908.6765624842193
360,raucb_plus,2,50,64,10,1.0,7.377549832936502,917.6833234030161
361,raucb_plus,2,50,64,10,1.0,8.257129607030608,873.9787470576381
362,raucb_plus,2,50,64,10,1.0,10.55884067549728,1268.5956736024539
363,raucb_plus,2,50,64,10,1.0,3.554095603243878,1212.1973621099369
364,raucb_plus,2,50,64,10,1.0,6.690433640108038,660.6163447948738
365,raucb_plus,2,50,64,10,1.0,13.13339733051458,1006.5252898955215
366,raucb_plus,2,50,64,10,1.0,9.145026213555191,849.6854261108231
367,raucb_plus,2,50,64,10,1.0,19.828070300067246,786.4661976872496
368,raucb_plus,2,50,64,10,1.0,20.075680478069696,776.5108906080306
369,raucb_plus,2,50,64,10,1.0,17.26900943876228,863.5954406607818
370,raucb_plus,2,50,64,10,1.0,8.229220521653934,1239.6083649100783
371,raucb_plus,2,50,64,10,1.0,0.8820314619381353,658.7020127344927
372,raucb_plus,2,50,64,10,1.0,19.864800339071632,931.9914693568422
373,raucb_plus,2,50,64,10,1.0,12.596706120286754,1118.031850957462
374,raucb_plus,2,50,64,10,1.0,9.078436399254503,814.0366457970839
375,raucb_plus,2,50,64,10,1.0,6.7230511099924195,957.1823867182318
376,raucb_plus,2,50,64,10,1.0,10.105580400930288,972.371864482402
377,raucb_plus,2,50,64,10,1.0,16.554565450999288,829.969606807276
378,raucb_plus,2,50,64,10,1.0,2.151377982031555,1183.0797827215945
379,raucb_plus,2,50,64,10,1.0,7.771710746989159,423.5967700566579
380,raucb_plus,2,50,64,10,1.0,0.09658823215990786,778.363432157443
381,raucb_plus,2,50,64,10,1.0,5.347434391516305,744.5311144547999
382,raucb_plus,2,50,64,10,1.0,15.142886526988919,1380.1396506708284
383,raucb_plus,2,50,64,10,1.0,13.32308462040505,1286.9804609987402
384,raucb_plus,2,50,64,10,1.0,10.09261025288737,1069.8227030727717
385,raucb_plus,2,50,64,10,1.0,10.777588141115833,981.8013612797982
386,raucb_plus,2,50,64,10,1.0,13.792067448965565,1115.0227741325516
387,raucb_plus,2,50,64,10,1.0,4.007166663123829,1216.5760650825953
388,raucb_plus,2,50,64,10,1.0,5.9494946310542565,940.7654001984938
389,raucb_plus,2,50,64,10,1.0,12.607586593558958,1145.9282264050926
390,raucb_plus,2,50,64,10,1.0,4.7253163568575935,1115.3700599323083
391,raucb_plus,2,50,64,10,1.0,8.739311274917412,975.350690470793
392,raucb_plus,2,50,64,10,1.0,12.48668572702237,1039.2232042352446
393,raucb_plus,2,50,64,10,1.0,9.856480336289506,1037.7865961252508
394,raucb_plus,2,50,64,10,1.0,8.693116243360889,765.5321047585089
395,raucb_plus,2,50,64,10,1.0,6.937381064617586,1085.9174661065094
396,raucb_plus,2,50,64,10,1.0,21.7797562916398,1210.693008093038
397,raucb_plus,2,50,64,10,1.0,2.3723531609222306,394.7087986034254
398,raucb_plus,2,50,64,10,1.0,11.593987159758948,1269.5524373567127
399,raucb_plus,2,50,64,10,1.0,11.446428216180541,511.1627458422671
400,raucb_plus,2,50,64,10,1.0,6.349325042523466,1236.9102771358957
401,raucb_plus,2,50,64,10,1.0,16.071309086477264,603.9017407004096
402,raucb_plus,2,50,64,10,1.0,3.233761779341913,814.0200776725236
403,raucb_plus,2,50,64,10,1.0,3.7004519073784605,1065.519644587753
404,raucb_plus,2,50,64,10,1.0,16.397390927850367,1070.683175109121
405,raucb_plus,2,50,64,10,1.0,13.83778617003161,1093.2479633078583
406,raucb_plus,2,50,64,10,1.0,20.61560370529334,1402.5044059956012
407,raucb_plus,2,50,64,10,1.0,9.744908579034291,1110.9879690735725
408,raucb_plus,2,50,64,10,1.0,7.975801593746224,640.2392275010898
409,raucb_plus,2,50,64,10,1.0,8.64095430266349,934.2020008458005
410,raucb_plus,2,50,64,10,1.0,9.81056800533335,1043.3993406921868
411,raucb_plus,2,50,64,10,1.0,1.4630610839824705,922.7590537855671
412,raucb_plus,2,50,64,10,1.0,10.335928296998873,1074.8627992328802
413,raucb_plus,2,50,64,10,1.0,16.972202479913765,1338.7980217043923
414,raucb_plus,2,50,64,10,1.0,18.104129247584417,950.5075102632065
415,raucb_plus,2,50,64,10,1.0,5.599152556898674,1039.4893956023398
416,raucb_plus,2,50,64,10,1.0,13.082564873099294,1353.2665257994804
417,raucb_plus,2,50,64,10,1.0,3.1889480736336235,765.4171413863198
418,raucb_plus,2,50,64,10,1.0,1.4888399122668634,968.4570119074355
419,raucb_plus,2,50,64,10,1.0,13.582023404758703,1218.3080517453893
420,raucb_plus,2,50,64,10,1.0,16.97962199222286,1268.282192403573
421,raucb_plus,2,50,64,10,1.0,18.280498002928134,1148.9550847666214
422,raucb_plus,2,50,64,10,1.0,21.335559495316232,1191.315390531287
423,raucb_plus,2,50,64,10,1.0,9.38647694234756,1064.3624143899312
424,raucb_plus,2,50,64,10,1.0,3.992907381787205,899.9727589681892
425,raucb_plus,2,50,64,10,1.0,9.655520907355239,766.5013088956098
426,raucb_plus,2,50,64,10,1.0,13.969446014606962,760.3163282453628
427,raucb_plus,2,50,64,10,1.0,11.08412242938723,1205.0152096274014
428,raucb_plus,2,50,64,10,1.0,12.335769029911276,1043.4533617291577
429,raucb_plus,2,50,64,10,1.0,12.967895890554217,848.693507900938
430,raucb_plus,2,50,64,10,1.0,10.186478588603128,1027.7914734927363
431,raucb_plus,2,50,64,10,1.0,9.8314590688938,805.088550239507
432,raucb_plus,2,50,64,10,1.0,0.3401341072589581,719.6095278264686
433,raucb_plus,2,50,64,10,1.0,9.964493981725715,1256.944548603797
434,raucb_plus,2,50,64,10,1.0,19.28666805035637,1044.666709216736
435,raucb_plus,2,50,64,10,1.0,6.839080825535839,1125.9669986961644
436,raucb_plus,2,50,64,10,1.0,0.6788596145691042,1074.4748104944758
437,raucb_plus,2,50,64,10,1.0,6.618638944881333,1082.46517224656
438,raucb_plus,2,50,64,10,1.0,16.08186650467617,1208.0778046753862
439,raucb_plus,2,50,64,10,1.0,16.100423219491844,1097.8024828722046
440,raucb_plus,2,50,64,10,1.0,5.892857190443101,756.1697505781042
441,raucb_plus,2,50,64,10,1.0,16.16282600542739,1118.593094116834
442,raucb_plus,2,50,64,10,1.0,11.161750262800506,1085.9357478341262
443,raucb_plus,2,50,64,10,1.0,4.659406135660246,920.8381612534762
444,raucb_plus,2,50,64,10,1.0,14.914393071305101,1236.8736922772687
445,raucb_plus,2,50,64,10,1.0,13.657228440367499,705.1723521620029
446,raucb_plus,2,50,64,10,1.0,5.686678612327004,829.040788759012
447,raucb_plus,2,50,64,10,1.0,4.049246356117435,751.9462691230015
448,raucb_plus,2,50,64,10,1.0,7.06074876341759,1214.3460332552033
449,raucb_plus,2,50,64,10,1.0,8.97236625759752,783.2713763649733
450,raucb_plus,2,50,64,10,1.0,5.317733859462057,1139.8046571192237
451,raucb_plus,2,50,64,10,1.0,6.254164604817378,955.4444464034018
452,raucb_plus,2,50,64,10,1.0,3.1100261452087183,897.335924339354
453,raucb_plus,2,50,64,10,1.0,6.861165617160605,982.8629885852832
454,raucb_plus,2,50,64,10,1.0,17.202618355976952,990.9562175922597
455,raucb_plus,2,50,64,10,1.0,14.85902658891921,1335.1167734049354
456,raucb_plus,2,50,64,10,1.0,2.7548163194939033,680.96013526483
457,raucb_plus,2,50,64,10,1.0,12.518130493597589,1177.247603295547
458,raucb_plus,2,50,64,10,1.0,10.928842865392923,870.2777442509087
459,raucb_plus,2,50,64,10,1.0,9.777455551733496,599.9933235977162
460,raucb_plus,2,50,64,10,1.0,6.079843282427719,1228.4897062937928
461,raucb_plus,2,50,64,10,1.0,15.968342539686883,1160.466583194768
462,raucb_plus,2,50,64,10,1.0,8.081904544335183,275.8176406234776
463,raucb_plus,2,50,64,10,1.0,8.306719475689544,943.4061495000207
464,raucb_plus,2,50,64,10,1.0,13.908381642998117,504.37020812460764
465,raucb_plus,2,50,64,10,1.0,14.498007144566998,791.5571524212612
466,raucb_plus,2,50,64,10,1.0,6.757933154323382,1100.38157596524
467,raucb_plus,2,50,64,10,1.0,5.047770050711388,713.7179785207484
468,raucb_plus,2,50,64,10,1.0,6.500360859078286,1173.9750282435307
469,raucb_plus,2,50,64,10,1.0,2.5260968353301125,997.7045414317115
470,raucb_plus,2,50,64,10,1.0,-0.05758734515440622,1141.267364709095
471,raucb_plus,2,50,64,10,1.0,9.102739119123685,1176.8951525193265
472,raucb_plus,2,50,64,10,1.0,10.947761190822579,611.3346189938261
473,raucb_plus,2,50,64,10,1.0,12.490945391981885,1407.5691409230617
474,raucb_plus,2,50,64,10,1.0,12.042333507671033,776.4782718556617
475,raucb_plus,2,50,64,10,1.0,9.407854570867395,1277.4111272666405
476,raucb_plus,2,50,64,10,1.0,1.0361620474014313,1197.227753492556
477,raucb_plus,2,50,64,10,1.0,9.464876165518017,1442.2263708955281
478,raucb_plus,2,50,64,10,1.0,7.060252224888696,1033.733494841886
479,raucb_plus,2,50,64,10,1.0,5.8083583684493245,1227.6396391980945
480,raucb_plus,2,50,64,10,1.0,14.914569806615567,1115.1943404533524
481,raucb_plus,2,50,64,10,1.0,6.265394870816934,1109.909021949974
482,raucb_plus,2,50,64,10,1.0,13.783979788666624,857.4783866153956
483,raucb_plus,2,50,64,10,1.0,16.115647815461834,995.4802376760027
484,raucb_plus,2,50,64,10,1.0,11.466170642570473,684.2275923077389
485,raucb_plus,2,50,64,10,1.0,4.244237221073583,935.9695949432064
486,raucb_plus,2,50,64,10,1.0,3.1071026536519266,653.2265976683782
487,raucb_plus,2,50,64,10,1.0,6.76929961719634,1272.9378340085498
488,raucb_plus,2,50,64,10,1.0,11.213319429380244,1166.4886830792402
489,raucb_plus,2,50,64,10,1.0,11.243362426016295,942.1497820877148
490,raucb_plus,2,50,64,10,1.0,7.545054687128065,1275.777523826338
491,raucb_plus,2,50,64,10,1.0,11.517581307142382,740.9063243483183
492,raucb_plus,2,50,64,10,1.0,5.345175479007484,1095.641880913565
493,raucb_plus,2,50,64,10,1.0,-0.21162420120993275,1125.0176634387194
494,raucb_plus,2,50,64,10,1.0,9.759750300062846,1222.5966854933572
495,raucb_plus,2,50,64,10,1.0,4.916964749991161,1204.67980481127
496,raucb_plus,2,50,64,10,1.0,10.988263440483806,866.5293519573406
497,raucb_plus,2,50,64,10,1.0,14.086256057143554,1005.2583215392989
498,raucb_plus,2,50,64,10,1.0,12.667161987155913,1011.9789919367595
499,raucb_plus,2,50,64,10,1.0,12.205161355346117,1539.4687591887853
500,raucb_plus,2,50,64,10,1.0,4.196060291983201,1066.8088394612812
501,raucb_plus,2,50,64,10,1.0,12.561343053961217,836.6906702530104
502,raucb_plus,2,50,64,10,1.0,-1.7500296949953036,1189.985073580581
503,raucb_plus,2,50,64,10,1.0,3.6923160569139473,1019.091613229022
504,raucb_plus,2,50,64,10,1.0,9.964172486913377,986.1615393260317
505,raucb_plus,2,50,64,10,1.0,-0.3494135299430905,1228.5087072743995
506,raucb_plus,2,50,64,10,1.0,8.024618791032653,1113.1788354757898
507,raucb_plus,2,50,64,10,1.0,10.720049970742027,1281.3571244538202
508,raucb_plus,2,50,64,10,1.0,8.486587929888554,1236.1556797187152
509,raucb_plus,2,50,64,10,1.0,15.05816357333859,831.9093450265929
510,raucb_plus,2,50,64,10,1.0,12.387442659026693,963.2811147857738
511,raucb_plus,2,50,64,10,1.0,7.899961941501523,862.1928559698163
512,raucb_plus,2,50,64,10,1.0,6.612538937382315,955.3713190877519
513,raucb_plus,2,50,64,10,1.0,12.243390276613287,899.1868179998619
514,raucb_plus,2,50,64,10,1.0,15.556735995650003,1019.2002468687134
515,raucb_plus,2,50,64,10,1.0,10.907751727244223,996.1811808392008
516,raucb_plus,2,50,64,10,1.0,2.460445701449868,1045.0866955868569
517,raucb_plus,2,50,64,10,1.0,17.323918377616955,1145.9424488354596
518,raucb_plus,2,50,64,10,1.0,13.997997299455243,903.2551199772772
519,raucb_plus,2,50,64,10,1.0,6.161465885387437,1048.5367880316996
520,raucb_plus,2,50,64,10,1.0,12.39747865766855,857.9823224780464
521,raucb_plus,2,50,64,10,1.0,12.69885519244894,1012.2574176142328
522,raucb_plus,2,50,64,10,1.0,10.695522240044356,1058.4689074709443
523,raucb_plus,2,50,64,10,1.0,9.501174363575544,1127.0937366897604
524,raucb_plus,2,50,64,10,1.0,2.718235076262027,1108.6597074462181
525,raucb_plus,2,50,64,10,1.0,10.047077052938173,883.8624194193561
526,raucb_plus,2,50,64,10,1.0,7.812317276897343,1025.818900447845
527,raucb_plus,2,50,64,10,1.0,7.826693310034543,1064.012241561808
528,raucb_plus,2,50,64,10,1.0,5.643168931005559,784.5812515101412
529,raucb_plus,2,50,64,10,1.0,8.936790348624548,990.836591163318
530,raucb_plus,2,50,64,10,1.0,4.9915647871369515,1105.1096417305419
531,raucb_plus,2,50,64,10,1.0,6.6791329284240115,1062.7860190170873
532,raucb_plus,2,50,64,10,1.0,19.26333934694403,1295.6535454153652
533,raucb_plus,2,50,64,10,1.0,19.117482355458172,1115.7548638149688
534,raucb_plus,2,50,64,10,1.0,4.61586176725408,812.9867854929057
535,raucb_plus,2,50,64,10,1.0,6.086080044660623,1335.4866216366154
536,raucb_plus,2,50,64,10,1.0,13.46644381704343,1170.3029127131972
537,raucb_plus,2,50,64,10,1.0,18.00757996289785,986.4364660042661
538,raucb_plus,2,50,64,10,1.0,7.296423324595476,1364.1287654815858
539,raucb_plus,2,50,64,10,1.0,6.159015900488752,904.6430765463335
540,raucb_plus,2,50,64,10,1.0,16.417262951162712,986.1313116304221
541,raucb_plus,2,50,64,10,1.0,10.619246217230124,1343.9200410874505
542,raucb_plus,2,50,64,10,1.0,11.235231887137875,1227.0726352133295
543,raucb_plus,2,50,64,10,1.0,5.414647807969462,953.1496127611261
544,raucb_plus,2,50,64,10,1.0,1.2274111134471006,901.6010340159073
545,raucb_plus,2,50,64,10,1.0,9.915670262449112,1110.769774858459
546,raucb_plus,2,50,64,10,1.0,8.222069727440292,1320.9288258059369
547,raucb_plus,2,50,64,10,1.0,12.131296715862241,1044.3450949892078
548,raucb_plus,2,50,64,10,1.0,16.011119396234122,1103.5465479001482
549,raucb_plus,2,50,64,10,1.0,9.87628016650483,787.8839857628926
550,raucb_plus,2,50,64,10,1.0,7.041878596443999,1095.7445445797873
551,raucb_plus,2,50,64,10,1.0,7.367764428264737,1165.941084183978
552,raucb_plus,2,50,64,10,1.0,9.349313194768024,893.361261248766
553,raucb_plus,2,50,64,10,1.0,7.86231108345064,772.4680915437027
554,raucb_plus,2,50,64,10,1.0,12.377010062019728,1157.569468742709
555,raucb_plus,2,50,64,10,1.0,11.10344178714167,1181.2252889063961
556,raucb_plus,2,50,64,10,1.0,7.383450429913319,762.2421285063152
557,raucb_plus,2,50,64,10,1.0,15.95941969007562,1222.4092987315837
558,raucb_plus,2,50,64,10,1.0,8.312296728792672,1154.622787722487
559,raucb_plus,2,50,64,10,1.0,7.688702351967027,1071.5481303589122
560,raucb_plus,2,50,64,10,1.0,7.515322822965755,1288.1590815101094
561,raucb_plus,2,50,64,10,1.0,4.6770876518706235,1179.1529592726042
562,raucb_plus,2,50,64,10,1.0,8.178609514706046,970.9490624868189
563,raucb_plus,2,50,64,10,1.0,15.438293035781605,910.2751401662566
564,raucb_plus,2,50,64,10,1.0,12.025905108868201,1167.1034567190557
565,raucb_plus,2,50,64,10,1.0,4.057357578323348,953.292637647196
566,raucb_plus,2,50,64,10,1.0,9.68594672093996,1315.0861355245709
567,raucb_plus,2,50,64,10,1.0,11.445190247069,1232.0844064124876
568,raucb_plus,2,50,64,10,1.0,8.21395924583291,1319.3465262842058
569,raucb_plus,2,50,64,10,1.0,11.52295253206263,1451.32770487775
570,raucb_plus,2,50,64,10,1.0,3.846200043707456,834.9282400326891
571,raucb_plus,2,50,64,10,1.0,10.423008377271767,1060.4044945159326
572,raucb_plus,2,50,64,10,1.0,13.276563445429696,935.6640482670011
573,raucb_plus,2,50,64,10,1.0,1.9325786239407456,1121.9563107591787
574,raucb_plus,2,50,64,10,1.0,6.190768789578582,899.2357385318209
575,raucb_plus,2,50,64,10,1.0,9.961439761479742,963.8782167738759
576,raucb_plus,2,50,64,10,1.0,9.666686152297466,900.5629453467852
577,raucb_plus,2,50,64,10,1.0,8.839884521504382,1042.4918666183692
578,raucb_plus,2,50,64,10,1.0,8.524917797079219,934.5718900064162
579,raucb_plus,2,50,64,10,1.0,17.975004683321217,987.5661468422187
580,raucb_plus,2,50,64,10,1.0,10.08917283850914,815.4686299635364
581,raucb_plus,2,50,64,10,1.0,15.572950136089949,846.8640245588579
582,raucb_plus,2,50,64,10,1.0,11.436239334270732,1030.817754324969
583,raucb_plus,2,50,64,10,1.0,18.04553779625524,1153.4143373718696
584,raucb_plus,2,50,64,10,1.0,4.998611324539413,1112.1184777669469
585,raucb_plus,2,50,64,10,1.0,7.241120843109469,984.1954465266809
586,raucb_plus,2,50,64,10,1.0,5.868623788461091,1172.0633760781957
587,raucb_plus,2,50,64,10,1.0,8.391457137338907,755.57797623497
588,raucb_plus,2,50,64,10,1.0,4.695405121655588,1026.352616857761
589,raucb_plus,2,50,64,10,1.0,8.43583381368269,954.3494360680957
590,raucb_plus,2,50,64,10,1.0,7.7174202927569215,1070.9043191531948
591,raucb_plus,2,50,64,10,1.0,16.326068535078456,869.1960459146576
592,raucb_plus,2,50,64,10,1.0,6.554553643835682,1071.7916998343749
593,raucb_plus,2,50,64,10,1.0,9.438363376786103,1069.8550658932386
594,raucb_plus,2,50,64,10,1.0,11.496890589325712,734.7016727091097
595,raucb_plus,2,50,64,10,1.0,4.643228515389587,960.0452063545144
596,raucb_plus,2,50,64,10,1.0,8.459306704628293,676.791291742041
597,raucb_plus,2,50,64,10,1.0,4.929340131933495,755.4165129911264
598,raucb_plus,2,50,64,10,1.0,11.72221354417589,754.8558405921526
599,raucb_plus,2,50,64,10,1.0,12.993262119647797,1228.496036836088
600,raucb_plus,2,50,64,10,1.0,6.062246602185458,814.4887048490523
601,raucb_plus,2,50,64,10,1.0,5.132373605124838,970.413359518058
602,raucb_plus,2,50,64,10,1.0,9.29763314940781,991.0440062705735
603,raucb_plus,2,50,64,10,1.0,9.884914856215767,1382.806540859352
604,raucb_plus,2,50,64,10,1.0,16.29086764718105,610.628537497025
605,raucb_plus,2,50,64,10,1.0,5.401357247918163,654.391704214019
606,raucb_plus,2,50,64,10,1.0,1.716149533970711,757.9649698573533
607,raucb_plus,2,50,64,10,1.0,14.624801325848159,657.0126725089517
608,raucb_plus,2,50,64,10,1.0,8.439956643823262,918.889196923139
609,raucb_plus,2,50,64,10,1.0,3.5670054996055853,1027.4211545830522
610,raucb_plus,2,50,64,10,1.0,14.010697117614924,996.6064696641403
611,raucb_plus,2,50,64,10,1.0,5.062231987702635,879.4407754064673
612,raucb_plus,2,50,64,10,1.0,10.710050726122496,1011.1041282048359
613,raucb_plus,2,50,64,10,1.0,6.938249328239486,1107.9193010780998
614,raucb_plus,2,50,64,10,1.0,10.457674261004723,788.5469249158538
615,raucb_plus,2,50,64,10,1.0,12.016223714723038,884.4444859127467
616,raucb_plus,2,50,64,10,1.0,9.255696207795857,733.263724724996
617,raucb_plus,2,50,64,10,1.0,15.465920885486904,839.0712421401449
618,raucb_plus,2,50,64,10,1.0,9.05542260826408,910.2144673839115
619,raucb_plus,2,50,64,10,1.0,10.50211839351683,672.2169205091175
620,raucb_plus,2,50,64,10,1.0,14.811843436036852,1036.7592546667404
621,raucb_plus,2,50,64,10,1.0,0.16353240551167403,592.6887601031125
622,raucb_plus,2,50,64,10,1.0,4.687638470804004,1285.9934617727765
623,raucb_plus,2,50,64,10,1.0,19.466654405286583,1186.5319676687436
624,raucb_plus,2,50,64,10,1.0,15.517979569536173,1241.3827456233323
625,raucb_plus,2,50,64,10,1.0,9.780318302733825,1074.4284879879299
626,raucb_plus,2,50,64,10,1.0,16.13211005472666,925.88174500799
627,raucb_plus,2,50,64,10,1.0,9.325506837949616,1036.7793972378001
628,raucb_plus,2,50,64,10,1.0,8.591327106034006,772.4544406421336
629,raucb_plus,2,50,64,10,1.0,11.150920902592098,857.7404032245997
630,raucb_plus,2,50,64,10,1.0,11.120534094769537,1067.3510524966202
631,raucb_plus,2,50,64,10,1.0,9.718061331281344,503.3569959718008
632,raucb_plus,2,50,64,10,1.0,14.199284382376838,1169.439936362739
633,raucb_plus,2,50,64,10,1.0,8.106230539056083,988.0963439177528
634,raucb_plus,2,50,64,10,1.0,11.666317564078941,898.3763243253597
635,raucb_plus,2,50,64,10,1.0,6.411908372068827,1168.0796465503906
636,raucb_plus,2,50,64,10,1.0,0.8341733412833108,943.5635218335239
637,raucb_plus,2,50,64,10,1.0,-1.8100644420920897,953.1759656297911
638,raucb_plus,2,50,64,10,1.0,18.2658033341255,864.7343481413585
639,raucb_plus,2,50,64,10,1.0,20.02814754823303,683.8123309187936
640,raucb_plus,2,50,64,10,1.0,17.161649809739945,959.936090989646
641,raucb_plus,2,50,64,10,1.0,5.433582377860366,1329.5589070357908
642,raucb_plus,2,50,64,10,1.0,13.698459292622847,1140.639178127507
643,raucb_plus,2,50,64,10,1.0,12.514308732113646,958.6540253100669
644,raucb_plus,2,50,64,10,1.0,14.86097963751346,901.7011698241258
645,raucb_plus,2,50,64,10,1.0,8.523923294956978,869.1224399597729
646,raucb_plus,2,50,64,10,1.0,10.464725302129855,933.6840068393909
647,raucb_plus,2,50,64,10,1.0,10.048398081891854,1014.6869635651091
648,raucb_plus,2,50,64,10,1.0,5.482740129118468,1335.8244435425659
649,raucb_plus,2,50,64,10,1.0,1.955660456429042,983.0648479322158
650,raucb_plus,2,50,64,10,1.0,10.417197799388864,1360.978529336614
651,raucb_plus,2,50,64,10,1.0,8.24067016504315,1124.7703581139135
652,raucb_plus,2,50,64,10,1.0,12.357058589820738,676.528592581486
653,raucb_plus,2,50,64,10,1.0,4.680428453160113,1117.7769711878898
654,raucb_plus,2,50,64,10,1.0,7.027765115835116,1057.0025339893102
655,raucb_plus,2,50,64,10,1.0,13.6535458714449,1160.081961129872
656,raucb_plus,2,50,64,10,1.0,15.675944006753426,1138.5646503950547
657,raucb_plus,2,50,64,10,1.0,16.967002999840687,749.0220151054256
658,raucb_plus,2,50,64,10,1.0,6.223964672721648,939.5419104860707
659,raucb_plus,2,50,64,10,1.0,22.27377074678548,1158.3861777651327
660,raucb_plus,2,50,64,10,1.0,12.745507473868045,1021.0555751587488
661,raucb_plus,2,50,64,10,1.0,1.3771228045627488,875.6486005224726
662,raucb_plus,2,50,64,10,1.0,3.94415875235417,1198.172889775106
663,raucb_plus,2,50,64,10,1.0,12.212053680625205,1040.558239114913
664,raucb_plus,2,50,64,10,1.0,12.236329380679027,800.5447064140999
665,raucb_plus,2,50,64,10,1.0,14.624707472044548,739.3438688508252
666,raucb_plus,2,50,64,10,1.0,13.738655045216104,1154.8145913417748
667,raucb_plus,2,50,64,10,1.0,7.843769953044385,1279.617296558663
668,raucb_plus,2,50,64,10,1.0,9.210395208511919,984.390119654287
669,raucb_plus,2,50,64,10,1.0,10.304047405647115,1070.4391393407516
670,raucb_plus,2,50,64,10,1.0,12.854031265180943,1151.3645997569377
671,raucb_plus,2,50,64,10,1.0,11.401365211283464,912.2679489673322
672,raucb_plus,2,50,64,10,1.0,8.94488761259677,1168.7452857632593
673,raucb_plus,2,50,64,10,1.0,12.409354182658006,959.2518676557323
674,raucb_plus,2,50,64,10,1.0,5.863615203400094,754.4218875956968
675,raucb_plus,2,50,64,10,1.0,9.26614725707467,1158.6454891633887
676,raucb_plus,2,50,64,10,1.0,7.914347918395039,978.291809369741
677,raucb_plus,2,50,64,10,1.0,4.681636008087145,888.5109931108353
678,raucb_plus,2,50,64,10,1.0,16.301166644671067,1012.0164300826295
679,raucb_plus,2,50,64,10,1.0,10.824639251730154,401.17329284092057
680,raucb_plus,2,50,64,10,1.0,8.484580984270341,1317.9204252192653
681,raucb_plus,2,50,64,10,1.0,12.816479001309444,956.6142023897337
682,raucb_plus,2,50,64,10,1.0,15.979500826137269,893.6424555345352
683,raucb_plus,2,50,64,10,1.0,7.680061826843035,1168.2409601444551
684,raucb_plus,2,50,64,10,1.0,4.854627503366497,1147.5296291416037
685,raucb_plus,2,50,64,10,1.0,11.317667617481963,967.5057326757053
686,raucb_plus,2,50,64,10,1.0,7.213800643233565,769.7757890796504
687,raucb_plus,2,50,64,10,1.0,8.69403806549907,852.0697026254425
688,raucb_plus,2,50,64,10,1.0,3.4314402450672183,919.5211255744836
689,raucb_plus,2,50,64,10,1.0,5.80329804709078,1005.08028504257
690,raucb_plus,2,50,64,10,1.0,12.795910653788848,1201.7589343930351
691,raucb_plus,2,50,64,10,1.0,15.27018114160728,614.1241542483685
692,raucb_plus,2,50,64,10,1.0,12.223879444054893,1208.7281514377944
693,raucb_plus,2,50,64,10,1.0,13.38073275737743,911.2074596353362
694,raucb_plus,2,50,64,10,1.0,9.378800302272387,1222.1006322893268
695,raucb_plus,2,50,64,10,1.0,6.7679930433273245,1373.167950006775
696,raucb_plus,2,50,64,10,1.0,10.158709057073926,931.0963605350316
697,raucb_plus,2,50,64,10,1.0,4.731695439537916,990.2840081351688
698,raucb_plus,2,50,64,10,1.0,13.62491216626867,623.7358638250003
699,raucb_plus,2,50,64,10,1.0,4.181156799051853,1016.4336625070046
700,raucb_plus,2,50,64,10,1.0,14.159363066690169,1024.450422607453
701,raucb_plus,2,50,64,10,1.0,8.194838454644643,975.2670895820766
702,raucb_plus,2,50,64,10,1.0,5.749155476612755,926.7324721721724
703,raucb_plus,2,50,64,10,1.0,7.892776801357346,1493.5900695114055
704,raucb_plus,2,50,64,10,1.0,17.291684983793477,827.3783599171317
705,raucb_plus,2,50,64,10,1.0,13.93408957623079,947.0799757016783
706,raucb_plus,2,50,64,10,1.0,8.365576294353566,1158.4495048908846
707,raucb_plus,2,50,64,10,1.0,11.253212233713313,817.9134647492303
708,raucb_plus,2,50,64,10,1.0,8.01351242306011,1384.2044511625058
709,raucb_plus,2,50,64,10,1.0,0.9530098135279079,1046.442588324371
710,raucb_plus,2,50,64,10,1.0,5.456427793916728,1092.070558802194
711,raucb_plus,2,50,64,10,1.0,7.93270474006121,825.7246647682136
712,raucb_plus,2,50,64,10,1.0,10.719824675941124,1136.2446404992522
713,raucb_plus,2,50,64,10,1.0,18.796236521676782,910.5211877091243
714,raucb_plus,2,50,64,10,1.0,18.700687727986494,992.909395083799
715,raucb_plus,2,50,64,10,1.0,10.270626754923,896.549065013368
716,raucb_plus,2,50,64,10,1.0,9.114149622985876,985.947271492243
717,raucb_plus,2,50,64,10,1.0,11.42301844807154,1073.8561249963718
718,raucb_plus,2,50,64,10,1.0,6.436492081768556,428.6218974102692
719,raucb_plus,2,50,64,10,1.0,8.188611718685166,685.7791964760315
720,raucb_plus,2,50,64,10,1.0,11.117412467154233,758.6596710438586
721,raucb_plus,2,50,64,10,1.0,1.1565685528483183,841.6090610013837
722,raucb_plus,2,50,64,10,1.0,12.812577914030978,838.868245011045
723,raucb_plus,2,50,64,10,1.0,11.565570588206127,876.3796823865209
724,raucb_plus,2,50,64,10,1.0,10.541519813338361,1077.9175650727698
725,raucb_plus,2,50,64,10,1.0,5.08456860212064,677.2957079610835
726,raucb_plus,2,50,64,10,1.0,9.160988434559867,869.9608194245152
727,raucb_plus,2,50,64,10,1.0,17.66457259530663,1170.4576686557914
728,raucb_plus,2,50,64,10,1.0,8.617530689383265,1174.5063556545329
729,raucb_plus,2,50,64,10,1.0,12.069269759116876,979.2197929607383
730,raucb_plus,2,50,64,10,1.0,13.217695242064472,894.2583796875338
731,raucb_plus,2,50,64,10,1.0,7.244087371141263,1189.4487559096733
732,raucb_plus,2,50,64,10,1.0,7.505824664003275,1230.9154408829515
733,raucb_plus,2,50,64,10,1.0,2.8256087584675207,854.4702983862269
734,raucb_plus,2,50,64,10,1.0,13.24814853220005,1038.240729054052
735,raucb_plus,2,50,64,10,1.0,4.435037379290957,905.1620191493365
736,raucb_plus,2,50,64,10,1.0,9.230828669293743,1291.468641877888
737,raucb_plus,2,50,64,10,1.0,6.330168361615683,572.946796818929
738,raucb_plus,2,50,64,10,1.0,5.909287595521736,1137.0611147480238
739,raucb_plus,2,50,64,10,1.0,10.213129692294023,1114.337578538758
740,raucb_plus,2,50,64,10,1.0,14.537372688258817,997.6708885295172
741,raucb_plus,2,50,64,10,1.0,11.054182822559211,672.4751481786416
742,raucb_plus,2,50,64,10,1.0,7.709275029737289,743.0416908518055
743,raucb_plus,2,50,64,10,1.0,8.332384486213492,1195.5273518562815
744,raucb_plus,2,50,64,10,1.0,7.919837101102646,912.2357058195514
745,raucb_plus,2,50,64,10,1.0,9.70138316491356,897.8285613821467
746,raucb_plus,2,50,64,10,1.0,15.441432489362718,1028.8197339733933
747,raucb_plus,2,50,64,10,1.0,10.81823967780403,1146.621683285771
748,raucb_plus,2,50,64,10,1.0,9.224487595424257,914.6496781522984
749,raucb_plus,2,50,64,10,1.0,20.739320449717948,887.2989140263519
750,raucb_plus,2,50,64,10,1.0,12.25127601702272,975.3980440448735
751,raucb_plus,2,50,64,10,1.0,8.698856079756675,921.2155050666743
752,raucb_plus,2,50,64,10,1.0,5.644553523495366,1299.5056010436072
753,raucb_plus,2,50,64,10,1.0,13.568424887768264,772.7987183433279
754,raucb_plus,2,50,64,10,1.0,17.112248714943696,960.1822603499407
755,raucb_plus,2,50,64,10,1.0,7.287118689232108,1004.5315686819594
756,raucb_plus,2,50,64,10,1.0,10.857992016861088,1066.6522241035664
757,raucb_plus,2,50,64,10,1.0,10.372501992394614,861.230651881587
758,raucb_plus,2,50,64,10,1.0,12.287518623381558,1104.940382895815
759,raucb_plus,2,50,64,10,1.0,16.16267579259791,831.8236317806361
760,raucb_plus,2,50,64,10,1.0,-1.7581387267114579,1207.730563785409
761,raucb_plus,2,50,64,10,1.0,15.84412465057506,1146.8294942795042
762,raucb_plus,2,50,64,10,1.0,1.013992774530303,1247.0268211477446
763,raucb_plus,2,50,64,10,1.0,11.269378718457974,849.5049603568307
764,raucb_plus,2,50,64,10,1.0,6.604853354608945,1053.1498725067281
765,raucb_plus,2,50,64,10,1.0,12.585918093341196,1095.604794162762
766,raucb_plus,2,50,64,10,1.0,9.476287727179598,1220.215690080575
767,raucb_plus,2,50,64,10,1.0,10.597578455261058,902.7981005828251
768,raucb_plus,2,50,64,10,1.0,10.046559929093917,944.9236537151485
769,raucb_plus,2,50,64,10,1.0,12.470540037370291,954.3816199668794
770,raucb_plus,2,50,64,10,1.0,11.476255588001994,800.8006257598036
771,raucb_plus,2,50,64,10,1.0,11.540195612204885,1083.454866680885
772,raucb_plus,2,50,64,10,1.0,11.054858485137638,1275.5434752819594
773,raucb_plus,2,50,64,10,1.0,7.924868623214101,717.9328250301116
774,raucb_plus,2,50,64,10,1.0,4.126096666360586,1152.8453129110137
775,raucb_plus,2,50,64,10,1.0,12.67222230181771,718.5748768312283
776,raucb_plus,2,50,64,10,1.0,10.082729823428258,684.7943531509254
777,raucb_plus,2,50,64,10,1.0,15.63059428477293,1195.6551600459509
778,raucb_plus,2,50,64,10,1.0,10.376014871667937,1105.9324152073675
779,raucb_plus,2,50,64,10,1.0,9.83049882559605,815.2843859035157
780,raucb_plus,2,50,64,10,1.0,12.296744132041331,862.282930636793
781,raucb_plus,2,50,64,10,1.0,11.098298445531897,1243.8390219924177
782,raucb_plus,2,50,64,10,1.0,14.092413591915117,1183.5074575303124
783,raucb_plus,2,50,64,10,1.0,9.822171153851198,1202.3637020565152
784,raucb_plus,2,50,64,10,1.0,10.144251950366664,997.4891634821065
785,raucb_plus,2,50,64,10,1.0,16.629325457687955,1156.5225421780733
786,raucb_plus,2,50,64,10,1.0,12.417237701174985,1079.5558702423762
787,raucb_plus,2,50,64,10,1.0,8.548805377569959,1055.56600613174
788,raucb_plus,2,50,64,10,1.0,11.081158376294757,1024.9827331865743
789,raucb_plus,2,50,64,10,1.0,12.696485829884361,991.6919883262811
790,raucb_plus,2,50,64,10,1.0,6.509342216505786,736.4449845836375
791,raucb_plus,2,50,64,10,1.0,6.8883110380601895,982.1351626402046
792,raucb_plus,2,50,64,10,1.0,8.419560628372187,787.5684147805712
793,raucb_plus,2,50,64,10,1.0,8.0698691090869,687.0880928642891
794,raucb_plus,2,50,64,10,1.0,12.996510962844592,1062.117972437589
795,raucb_plus,2,50,64,10,1.0,1.4435302351182617,829.085159908822
796,raucb_plus,2,50,64,10,1.0,4.419550426065403,954.0330594902143
797,raucb_plus,2,50,64,10,1.0,15.692784733731347,1144.8630530568353
798,raucb_plus,2,50,64,10,1.0,3.433588896001414,1092.213469787898
799,raucb_plus,2,50,64,10,1.0,19.020674787410925,970.2905680751968
800,raucb_plus,2,50,64,10,1.0,5.375926392196124,1225.0087984018242
801,raucb_plus,2,50,64,10,1.0,17.090909382528825,1213.2779517137697
802,raucb_plus,2,50,64,10,1.0,4.463054915761387,1016.557848546294
803,raucb_plus,2,50,64,10,1.0,12.02712711851581,807.0740880158589
804,raucb_plus,2,50,64,10,1.0,8.59445295993827,967.0280583465405
805,raucb_plus,2,50,64,10,1.0,15.042567169180295,1211.0826834724205
806,raucb_plus,2,50,64,10,1.0,11.426936091249125,708.0102175360527
807,raucb_plus,2,50,64,10,1.0,5.372736333164012,840.8899537384307
808,raucb_plus,2,50,64,10,1.0,14.203128034981937,1123.018401522805
809,raucb_plus,2,50,64,10,1.0,9.14486579770077,1202.7117684099753
810,raucb_plus,2,50,64,10,1.0,17.747680679909173,1176.8259453372684
811,raucb_plus,2,50,64,10,1.0,11.091675686374765,1211.515669266215
812,raucb_plus,2,50,64,10,1.0,3.760195855852695,1280.5789169359643
813,raucb_plus,2,50,64,10,1.0,15.765354897840831,1209.7271212558321
814,raucb_plus,2,50,64,10,1.0,9.526859003538261,1031.0383922890926
815,raucb_plus,2,50,64,10,1.0,7.734684011274456,1020.9325982739907
816,raucb_plus,2,50,64,10,1.0,7.660253822990214,929.3739391083456
817,raucb_plus,2,50,64,10,1.0,5.1583052236172735,1017.064142749953
818,raucb_plus,2,50,64,10,1.0,16.527729679219348,943.9126709393007
819,raucb_plus,2,50,64,10,1.0,11.239126341564758,910.4905142024961
820,raucb_plus,2,50,64,10,1.0,7.0873457567330345,992.4924708114027
821,raucb_plus,2,50,64,10,1.0,15.657485447337354,1163.581575177998
822,raucb_plus,2,50,64,10,1.0,3.4978286550691227,738.225152400455
823,raucb_plus,2,50,64,10,1.0,13.05776815424532,888.5853312138779
824,raucb_plus,2,50,64,10,1.0,11.6787273691957,1090.216961623212
825,raucb_plus,2,50,64,10,1.0,9.991388440554235,1206.9904783067368
826,raucb_plus,2,50,64,10,1.0,9.964313296705196,1187.622602422799
827,raucb_plus,2,50,64,10,1.0,17.067413815641864,1425.6230487795392
828,raucb_plus,2,50,64,10,1.0,9.488403120777672,969.8487484579398
829,raucb_plus,2,50,64,10,1.0,17.527905357001927,745.3032446055588
830,raucb_plus,2,50,64,10,1.0,3.738606039203062,1051.5242826218057
831,raucb_plus,2,50,64,10,1.0,0.07280833655465635,955.5985471450375
832,raucb_plus,2,50,64,10,1.0,14.426023208097796,784.5979203503955
833,raucb_plus,2,50,64,10,1.0,8.250249694180836,1169.4324681024991
834,raucb_plus,2,50,64,10,1.0,14.141795888656928,903.3241094315973
835,raucb_plus,2,50,64,10,1.0,11.331629006056085,1060.6106541707127
836,raucb_plus,2,50,64,10,1.0,4.946222566581403,1185.3361367380571
837,raucb_plus,2,50,64,10,1.0,15.173917493994452,941.9894780766896
838,raucb_plus,2,50,64,10,1.0,16.54362690957329,1185.9540104550858
839,raucb_plus,2,50,64,10,1.0,10.72640635950016,1212.6051004355888
840,raucb_plus,2,50,64,10,1.0,4.617306783408447,786.5055379634721
841,raucb_plus,2,50,64,10,1.0,15.244971815413145,1045.9851718876134
842,raucb_plus,2,50,64,10,1.0,21.830463650047466,1034.595966672354
843,raucb_plus,2,50,64,10,1.0,9.109234360234094,1163.9425612962607
844,raucb_plus,2,50,64,10,1.0,9.249655111755185,913.5405314072905
845,raucb_plus,2,50,64,10,1.0,6.341757607298875,846.3606609804604
846,raucb_plus,2,50,64,10,1.0,6.746576490545106,1503.354415057413
847,raucb_plus,2,50,64,10,1.0,8.97834424305995,788.1299059837875
848,raucb_plus,2,50,64,10,1.0,13.823934172078996,776.055932199674
849,raucb_plus,2,50,64,10,1.0513073631616152,12.261299236498017,891.2160706084272
850,raucb_plus,2,50,64,10,1.0,11.076199663477466,1158.470297157815
851,raucb_plus,2,50,64,10,1.0,-9.989066163221093,829.0254939464642
852,raucb_plus,2,50,64,10,1.0,8.104687393679919,1232.7384573085603
853,raucb_plus,2,50,64,10,1.0,3.2550726452014125,783.2047551236949
854,raucb_plus,2,50,64,10,1.0,13.31652607941531,983.0369875082121
855,raucb_plus,2,50,64,10,1.0,22.8385810895566,870.7832343698351
856,raucb_plus,2,50,64,10,1.0,10.397027753377976,602.0050842994939
857,raucb_plus,2,50,64,10,1.0,12.872125138774813,1268.7151285425684
858,raucb_plus,2,50,64,10,1.0,3.4456131221959794,978.3558043382368
859,raucb_plus,2,50,64,10,1.0,4.299924223953324,1251.2428562419511
860,raucb_plus,2,50,64,10,1.0,9.118473130585578,1148.062978290006
861,raucb_plus,2,50,64,10,1.0,-2.807123166299519,1081.1771179855866
862,raucb_plus,2,50,64,10,1.25861251579876,1.7081126431838705,1151.7836219049366
863,raucb_plus,2,50,64,10,1.0,11.86696366309587,1121.5167596650665
864,raucb_plus,2,50,64,10,1.0,9.486165018401756,1244.7333617430095
865,raucb_plus,2,50,64,10,1.0,9.123248116010007,917.3745063871687
866,raucb_plus,2,50,64,10,1.0,8.013193700314144,1204.8374113231207
867,raucb_plus,2,50,64,10,1.0,11.176986675440743,1191.1453635251069
868,raucb_plus,2,50,64,10,1.0,7.718424588732125,851.5276639037243
869,raucb_plus,2,50,64,10,1.0,11.49171717825525,1362.8980103218898
870,raucb_plus,2,50,64,10,1.0,18.454829880184143,958.710657342728
871,raucb_plus,2,50,64,10,1.0,8.64603482977888,1114.8925478406175
872,raucb_plus,2,50,64,10,1.0,3.0379230444599425,780.0279587492162
873,raucb_plus,2,50,64,10,1.0,7.398032216995914,871.8437531300879
874,raucb_plus,2,50,64,10,1.0,7.888025057197295,1083.5891139170599
875,raucb_plus,2,50,64,10,1.0,10.809424777878,1378.0881943221382
876,raucb_plus,2,50,64,10,1.0,9.771244574159772,740.5527872831224
877,raucb_plus,2,50,64,10,1.0,15.561790085253048,1090.9683770151346
878,raucb_plus,2,50,64,10,1.0,17.158330071385272,1546.2474395524637
879,raucb_plus,2,50,64,10,1.0,4.440617662225552,969.8856923763243
880,raucb_plus,2,50,64,10,1.0,5.900368834886604,1027.6860147880873
881,raucb_plus,2,50,64,10,1.0,11.749131215891104,977.5159428463406
882,raucb_plus,2,50,64,10,1.0,8.846039026739563,675.1663469884359
883,raucb_plus,2,50,64,10,1.0,15.102317938094142,966.97095669385
884,raucb_plus,2,50,64,10,1.0,8.937554804135344,1224.7124252992876
885,raucb_plus,2,50,64,10,1.0,12.98165343400203,1051.3556291522689
886,raucb_plus,2,50,64,10,1.0,5.9340093636498645,1287.5327956444023
887,raucb_plus,2,50,64,10,1.0,6.469537868705549,905.5334663477975
888,raucb_plus,2,50,64,10,1.0,7.225971884890981,1098.828281617798
889,raucb_plus,2,50,64,10,1.0,2.2635269053464793,883.0933097230875
890,raucb_plus,2,50,64,10,1.0,13.809362598508267,821.3734686970997
891,raucb_plus,2,50,64,10,1.0,5.5193973324359815,1033.6273844775217
892,raucb_plus,2,50,64,10,1.0088205976876778,7.965852372559989,1284.344418451982
893,raucb_plus,2,50,64,10,1.0912217906808441,9.191236235346345,1129.5382631219127
894,raucb_plus,2,50,64,10,1.0,4.490518919934663,1371.307849106947
895,raucb_plus,2,50,64,10,1.0,21.770417679112946,855.5569135175377
896,raucb_plus,2,50,64,10,1.0,10.199048766683196,1002.8420154624407
897,raucb_plus,2,50,64,10,1.0,11.104964209895822,1037.6314429751471
898,raucb_plus,2,50,64,10,1.0,10.764806349916837,1193.2331773529854
899,raucb_plus,2,50,64,10,1.0,17.15736167703047,763.859921705531
900,raucb_plus,2,50,64,10,1.0,22.43486174840403,961.4016340197431
901,raucb_plus,2,50,64,10,1.0,15.14264613672459,1299.6516032291433
902,raucb_plus,2,50,64,10,1.0,8.732171974105627,1119.6395921070934
903,raucb_plus,2,50,64,10,1.0,9.60444409463027,709.038101720392
904,raucb_plus,2,50,64,10,1.0,-0.5083609261688551,817.5436522877817
905,raucb_plus,2,50,64,10,1.0,11.647700727951326,1027.5532913789389
906,raucb_plus,2,50,64,10,1.0,5.644407338637994,566.1023825212737
907,raucb_plus,2,50,64,10,1.0,5.332279603640325,1087.9589971695139
908,raucb_plus,2,50,64,10,1.0,6.903754607571466,1195.274857331132
909,raucb_plus,2,50,64,10,1.0,12.40156407717869,1098.990896803828
910,raucb_plus,2,50,64,10,1.0,7.783501599743279,726.0971972930026
911,raucb_plus,2,50,64,10,1.0,8.260129747091897,1171.509026778257
912,raucb_plus,2,50,64,10,1.0,8.336025552533938,615.4491719280468
913,raucb_plus,2,50,64,10,1.0,10.56597182989665,870.5255393633563
914,raucb_plus,2,50,64,10,1.0,11.506033617093895,916.732572048909
915,raucb_plus,2,50,64,10,1.0,5.096497897287903,1051.1597228714945
916,raucb_plus,2,50,64,10,1.0,4.386669685587639,1181.6061472608715
917,raucb_plus,2,50,64,10,1.0,3.704132102177705,1018.4849692137581
918,raucb_plus,2,50,64,10,1.0,5.515927740398293,732.4051113779277
919,raucb_plus,2,50,64,10,1.0,11.819904393714967,982.7451932953434
920,raucb_plus,2,50,64,10,1.0,9.209469699864826,858.4059783045291
921,raucb_plus,2,50,64,10,1.0,13.365218596771964,915.0025892923543
922,raucb_plus,2,50,64,10,1.0,11.519379984751385,1300.8177325138136
923,raucb_plus,2,50,64,10,1.0,5.245674689477525,1371.2607148112088
924,raucb_plus,2,50,64,10,1.0,6.407014324098474,758.4519652985857
925,raucb_plus,2,50,64,10,1.0,6.131260690109395,1219.1752754480608
926,raucb_plus,2,50,64,10,1.0,5.373190048691873,1063.818123185055
927,raucb_plus,2,50,64,10,1.0,17.69742010955393,1399.5672538569581
928,raucb_plus,2,50,64,10,1.066571481316707,7.779058326496335,1179.631634470869
929,raucb_plus,2,50,64,10,1.005470718060338,14.021786501712539,986.689049260272
930,raucb_plus,2,50,64,10,1.0,10.36346439128727,850.8648778094736
931,raucb_plus,2,50,64,10,1.0,7.365913470985296,1003.020649477419
932,raucb_plus,2,50,64,10,1.0,11.092217619838992,1290.6575256622075
933,raucb_plus,2,50,64,10,1.0,9.28488257044822,1409.6860013679864
934,raucb_plus,2,50,64,10,1.0,18.883930148804602,596.6509473052747
935,raucb_plus,2,50,64,10,1.0,2.1523079157056513,961.8187307447045
936,raucb_plus,2,50,64,10,1.0,9.955298234241337,993.6120288131356
937,raucb_plus,2,50,64,10,1.0,-1.9429271970353312,341.2071595408677
938,raucb_plus,2,50,64,10,1.0,11.306241298877625,1017.762643621983
939,raucb_plus,2,50,64,10,1.0,7.981585655742251,802.2379643317142
940,raucb_plus,2,50,64,10,1.0,13.404273541773966,1066.3985744907695
941,raucb_plus,2,50,64,10,1.0,5.944496931048967,1034.7003055728399
942,raucb_plus,2,50,64,10,1.0,6.086586663004203,1185.303172929373
943,raucb_plus,2,50,64,10,1.0,7.725596207887187,910.9646939698948
944,raucb_plus,2,50,64,10,1.0,9.402623399913358,471.4133400693263
945,raucb_plus,2,50,64,10,1.0,10.438516946106903,893.5156625532577
946,raucb_plus,2,50,64,10,1.0,13.569447106456195,472.30058237365506
947,raucb_plus,2,50,64,10,1.0,7.769084261154882,1037.065036271959
948,raucb_plus,2,50,64,10,1.0,15.62690590117551,989.5586739172895
949,raucb_plus,2,50,64,10,1.0,12.40814400990819,785.6496566369408
950,raucb_plus,2,50,64,10,1.0,7.166304990276053,787.4772568606222
951,raucb_plus,2,50,64,10,1.0,0.24615948195578063,698.1665869202352
952,raucb_plus,2,50,64,10,1.0,15.07261374728019,1358.6217960157558
953,raucb_plus,2,50,64,10,1.0,4.917975902056301,1142.841908256249
954,raucb_plus,2,50,64,10,1.0,13.537236513136925,974.4385826001214
955,raucb_plus,2,50,64,10,1.1599162276589459,12.134790512433671,1088.252158254946
956,raucb_plus,2,50,64,10,1.0,16.288779994162788,1021.5406275328022
957,raucb_plus,2,50,64,10,1.0,10.535649301218971,917.0128775146103
958,raucb_plus,2,50,64,10,1.0,13.148617627664908,1157.0304474951927
959,raucb_plus,2,50,64,10,1.0,8.748029988727952,1020.444803925066
960,raucb_plus,2,50,64,10,1.0,13.541769402609223,792.9528146774343
961,raucb_plus,2,50,64,10,1.0,8.366159274571437,1569.5419236725063
962,raucb_plus,2,50,64,10,1.0,6.635996811971709,965.918727614983
963,raucb_plus,2,50,64,10,1.0,9.853081397259286,1081.8469733614183
964,raucb_plus,2,50,64,10,1.0,7.964811853640402,931.7566742475805
965,raucb_plus,2,50,64,10,1.0,8.674211469024023,1166.181777371961
966,raucb_plus,2,50,64,10,1.0,13.225928183383036,1096.9464487721816
967,raucb_plus,2,50,64,10,1.0,9.721829037562703,830.5038803172188
968,raucb_plus,2,50,64,10,1.0,6.18729042967275,918.1090598599321
969,raucb_plus,2,50,64,10,1.0,14.207542069569076,1163.5546794450731
970,raucb_plus,2,50,64,10,1.0,-1.073050264622541,1155.1354387097765
971,raucb_plus,2,50,64,10,1.0,10.96213716521144,710.0267240950175
972,raucb_plus,2,50,64,10,1.0,6.026909556796414,1039.439889272176
973,raucb_plus,2,50,64,10,1.1955176107808079,12.903108026584764,1328.7586925591231
974,raucb_plus,2,50,64,10,1.4160024079322222,8.30605631365464,1147.3328424111714
975,raucb_plus,2,50,64,10,1.0,0.5280898876637465,1086.5474151467704
976,raucb_plus,2,50,64,10,1.0,4.096305884201785,986.7359389357692
977,raucb_plus,2,50,64,10,1.1745593966498935,2.8772991123093847,1168.6522148070203
978,raucb_plus,2,50,64,10,1.0,7.99139800934126,711.9013327248863
979,raucb_plus,2,50,64,10,1.0,5.077535481329435,737.3056841542382
980,raucb_plus,2,50,64,10,1.0,9.614348109706922,1116.8141900953171
981,raucb_plus,2,50,64,10,1.0,5.024462204824948,668.4596818457053
982,raucb_plus,2,50,64,10,1.0,5.45868626052105,1327.3356572546202
983,raucb_plus,2,50,64,10,1.0,-2.9038411908009802,1155.3856018703955
984,raucb_plus,2,50,64,10,1.0,20.077212805964237,1571.028981508623
985,raucb_plus,2,50,64,10,1.0,14.015512733266444,1053.020026715705
986,raucb_plus,2,50,64,10,1.0,7.065074459872077,1036.307828490041
987,raucb_plus,2,50,64,10,1.0,9.097968155254918,937.972116657997
988,raucb_plus,2,50,64,10,1.0,18.4287240671273,1206.8161786464748
989,raucb_plus,2,50,64,10,1.0,-2.928196200849186,984.126493840632
990,raucb_plus,2,50,64,10,1.0,7.761306561380206,1068.0992015421834
991,raucb_plus,2,50,64,10,1.0,4.446309196250418,898.329198021037
992,raucb_plus,2,50,64,10,1.0,7.5788383546420555,1000.5179429333389
993,raucb_plus,2,50,64,10,1.0,9.551608638060944,812.5909484017415
994,raucb_plus,2,50,64,10,1.1177865853888465,11.24780853286226,957.2299351782652
995,raucb_plus,2,50,64,10,1.0,5.3819663601916385,667.1241718464589
996,raucb_plus,2,50,64,10,1.0,6.35742633067243,1083.8508433508202
997,raucb_plus,2,50,64,10,1.0,1.5815195632021286,1420.6143138648324
998,raucb_plus,2,50,64,10,1.0,9.010423481226917,882.1495778522885
999,raucb_plus,2,50,64,10,1.0,1.215631923694847,1019.374430252065
1000,raucb_plus,2,50,64,10,1.0,4.195496588125712,1221.8863351146056
