snr_db,packet_loss,delay_ms,mos_baseline,semantic_factor,pesq
39.77831220671043,3.2473468323664063,146.5064143710595,4.1793392879287445,0.5599287109241331,3.506254379546049
15.280389636685907,6.870670639950961,33.828243258878494,3.8117937986140733,0.6019461013097525,3.1701375568571533
33.08592051224399,5.695772521524636,7.7415901632207476,1.330058080761045,0.6823414420338205,3.1416147675986332
33.49021104759959,7.192914211523994,37.070142656396385,1.8001357439425862,0.5880944176447789,3.043867198590234
39.03236040627828,5.188436001826898,147.34185991888558,2.531402079601472,0.5132576390898015,3.0856812380796796
3.0890011543987317,4.957980131090905,8.210925076677167,2.1263927689499074,0.7107398046152171,2.3930223522711658
12.698256386954355,1.7819715204681694,83.74629847841425,2.724514143815658,0.7003015707459994,3.0994406611746133
36.7822162759224,5.1480567715957894,40.20958114060883,3.3687454537730477,0.6484531662516172,3.54072605983147
27.034782599337174,3.304026604384253,20.1666841309405,4.313385376482811,0.7589819701431917,3.7969774714154827
11.432997422624682,0.4934816576868304,50.81854220204523,3.0197511854915473,0.828867958916538,3.3371595676062125
15.581720993062774,0.98830455060593,27.31557916767973,1.174419009953854,0.860084775164095,3.3370615904519854
9.208782375364759,5.162925277068469,95.38626993760636,2.2826366865229826,0.570754864661372,2.683546656921572
6.678446026470866,2.2102252565502036,74.22133711740389,2.1805080825352374,0.7004897187803028,2.702536435472828
6.137457159159294,6.550990477373354,42.94272891796715,3.2585743530131595,0.5991027216177294,2.5633337500647575
38.96366803299312,2.0958615517608665,91.91611212413494,1.4933072638928595,0.6737898235048096,3.27391461679944
16.955833972140244,2.288755278090968,31.709348250765913,1.1417712118613834,0.7820613586702941,3.2646437821593817
2.5257557837275257,3.541192554971774,88.33869168101823,3.014281059443882,0.6287907637179215,2.3787140699103215
19.66345937812186,3.7525013664139184,109.68533294880413,2.2476357245175587,0.5921479941574939,3.0609537532792093
11.533734953257223,5.640114270852414,154.1044033814997,3.2118925906943327,0.49766908548963407,2.664559570823979
8.464653231726334,6.928772763412219,21.184481497242494,3.6748721728981195,0.6179550310497808,2.897979909058295
8.29729523637801,6.422943972313984,106.87385629283014,2.3794637204715112,0.5265567990538274,2.4591747814423144
23.16082116349831,1.037998811308249,158.93190033686935,3.9673039547125106,0.6063912025373079,3.4858438869023702
23.634010470599712,5.541394600972398,98.95481299366399,4.232254454894703,0.5565045159322461,3.2847500805785272
35.522579639878025,5.474651029998512,83.1871281150702,2.9568021397850686,0.5774087145327365,3.456469202843323
4.393318225460741,7.040310626311792,38.96035424918304,3.169791343447991,0.5900219915678,2.440461017806699
19.852085554245377,3.279034496055252,138.13248304040508,2.8440246829379805,0.5691589137281023,3.1888114425523417
11.605290540541464,0.22343746752257143,134.74997872372953,1.2434841590721668,0.6710128451305495,2.9502182804776806
19.43405808183806,2.930959265911846,25.459784576147584,3.986769734945597,0.7651026411681834,3.707240966626265
37.94077917840431,0.32979634684018233,150.95043549107967,2.9009004075197278,0.641027240145654,3.5805717921671274
37.060360803370784,7.061290203298504,94.89923340687015,1.857933107723524,0.524436128888084,2.9651478028447418
30.404029414023167,6.458529640992497,175.69589325991305,2.774325849687327,0.4651096294711944,2.8823053272454464
31.28103973215388,3.609172338481188,169.36313362601163,4.17553979166556,0.5259538275723697,3.2398501974131557
11.116317896760748,5.916962740924062,107.42403262174133,2.740007100087623,0.5377198794952427,2.7046974860138344
20.704861292072255,7.956798064420639,26.466594027877004,2.9362157941195726,0.5800863163872698,3.15490515685456
32.183259447229865,1.8392214874335187,170.43009713169144,3.5727391593244664,0.5683993347749188,3.2945883845669344
30.64041959181767,6.958154590865821,138.9150601262514,1.3579885203713737,0.48564435704065845,2.7826328623860728
22.94647300880098,2.56172722622272,159.6532932795696,4.379969506115077,0.5622270744542,3.372394105000176
34.056792060154336,3.6728191900042955,15.808490676984386,3.4392410465954204,0.7512139603686249,3.7152208461134655
34.08102645495853,7.090100037330328,140.38193563432836,4.140263363683493,0.48199343661682464,3.050913372862188
14.84473475685935,2.9812491564350925,154.42673554270576,3.069078723826321,0.5574989680151479,3.084341755711285
18.284110980884492,7.764245979933787,120.97099800247645,3.704320464165331,0.4858216911737875,2.937501485672691
12.04729672837753,4.985877389877022,109.48933813794466,3.1615311050251513,0.5584788277497271,2.8663008686346325
32.42114859023182,0.21826787002604675,159.0164965099542,4.253472538539823,0.6324373067457718,3.635865127663065
19.75128254208922,3.3487294806518104,90.80406539919237,2.9330436445279,0.6314449177425383,3.2645514687240627
22.519152817943812,6.022896489604331,86.1693675617257,2.133227740220743,0.5590734837810309,2.967518644931674
19.273089877660937,2.7626077979239483,107.05662828018049,3.5561938677945792,0.6264244464880351,3.4616207131043577
10.152850611178623,3.31701538187128,24.636233347413718,3.8708784043314233,0.7491675218311155,3.333851173627561
39.341098417415196,3.1757490487461126,31.60366163775065,2.6664749114294137,0.7413562721833877,3.720965108647943
22.030395382456977,4.643280394892748,51.903112321745624,3.703073686300648,0.6475223771917568,3.512635448389267
38.79028336577768,6.223036868936546,166.55955391801928,3.523825262704426,0.47621199138223635,3.062391910605321
9.018162232279977,5.105162678805371,38.96671192490882,3.7688507842306755,0.6519336450059715,2.9723496114604404
36.00782442350635,6.571264631649577,126.00853052515572,3.061425151148365,0.5046267983231064,3.107705832980483
12.9121113312195,3.0582090984403347,173.26491555094836,2.4230224317626057,0.5345553577616036,2.876603257147942
13.182681367333515,1.9971744528083004,83.17803986225356,4.049689586112452,0.692792267379326,3.3324012691626077
28.525753589379292,7.858794313663628,119.42633182604939,3.656611290141797,0.4853700209635621,2.99968559006725
30.137073319920248,4.365459558593438,62.53907608404743,4.213291397775485,0.6404491759759277,3.4821963503102027
38.75119206369564,7.599053163082332,84.09505068462263,2.8159388747104073,0.5233912656139763,3.049844518058223
38.21193117688628,5.72366282316363,5.4379347068883375,1.9416262863164588,0.6852899499903848,3.328873791312095
37.242975614565516,2.913455367265417,96.78185866124772,2.8998093559551896,0.6369104806284753,3.4278356892942243
25.496783315705088,3.021223332330628,14.969076701245644,3.201196646377144,0.7834349393882201,3.64576035389103
15.999543014620947,0.9125323944882702,40.935217996095496,1.6445186963731926,0.8304670913636103,3.372072675911442
5.610739597572771,0.512138231178664,40.39336612060868,2.4328465796228933,0.8534991975018076,3.045384756928005
15.471657135310748,6.177938199965932,115.95805016027596,1.3838044568353538,0.5227843958150624,2.692198993468447
12.606875104435712,7.353244704649218,149.3060367995347,3.9647779142133404,0.4702200583676683,2.682191555632252
24.44628265358684,1.311899262916067,42.233947247055326,4.04176692655073,0.8066993964108671,3.8452719358947896
22.31662534368875,1.851364185863269,39.24180310891088,2.708983566760134,0.7866630936264425,3.673326073939977
4.389925976734017,1.4910276098388344,122.49249533168445,3.6571277483442333,0.6455694045016832,2.657769561488675
19.209159699053902,2.1350199695299548,83.5128500183913,3.9989747883730327,0.6868258045947914,3.493423566254228
33.518591361901294,7.319473157204691,35.069926716482414,1.2750150204628015,0.5870694755412329,3.0573049249431055
26.31301215514677,4.626309366572065,120.82183675367476,1.8080433123586142,0.5544894118326263,3.001852264117142
2.4147648565423996,2.836524486828271,32.2080996376849,2.4554663568634787,0.7553322778716096,2.541901796272297
3.381888558359769,5.623430803813422,55.61600630249266,1.8204199313900404,0.6098031903466168,2.127434983536676
6.695904601252103,2.1149375655348432,75.81639233786815,3.0155779286815667,0.701403282243379,2.888057642967923
33.007844625694304,5.2416253224544,158.43713104414704,4.31682673675053,0.5016934610654956,3.2014960020057646
39.55909277656387,6.170269100210341,72.59059315115668,1.4068634021534048,0.571536395399415,3.0535115507836785
16.462683706307004,6.138638117330408,38.3923281046087,1.8415102868140625,0.6182082176570676,2.854469282689248
39.55445515575283,4.314330227254783,85.40831511238297,2.446292795069965,0.6084092695582165,3.2338604560496735
34.18506415145121,4.954460771405359,88.78480044907388,1.50795808538675,0.5848796992138352,3.1136345355390356
6.323445393914402,0.9851441719758718,95.4783420811852,2.887516778030093,0.7109918784507082,2.8397839477742997
29.869698689301593,7.332309841322482,117.0642372020705,4.1793157605561575,0.497500118000293,3.0894807898755805
24.175984879990263,7.14915916844541,19.48975764219391,3.688789425537155,0.613429548999544,3.3853709411842625
22.12833133348033,6.655578712901947,125.39455973396186,3.2391147224438916,0.5034758230625357,2.9923704251914924
26.443730666272774,5.688163559841213,104.95504170546349,4.266631628897166,0.5459665639201643,3.2738719948388555
39.25805563156175,7.857934394324872,44.805516535379695,2.009957556441722,0.560245510548904,2.936160063294019
7.623212605014649,6.0180795835841785,68.16171187176917,3.088707416289582,0.5813069476713636,2.6588656612952173
37.78139923508598,4.547888230848411,143.05758551486502,2.026556180029616,0.5318358920740747,2.987450459727538
13.594169782448947,4.6474346096456145,130.52479839213822,2.432199235501188,0.542995356944266,2.7200672843110048
30.95937313424463,3.683326657158937,8.776104199490906,3.6748140492261436,0.7653809356212533,3.659288942693581
11.190413959215014,6.015051695128785,47.2145493847355,2.0728231477361074,0.6095016977029761,2.7144606855382767
9.897212099109334,7.935424688641931,41.63808877769182,2.5647583760869885,0.5619814831544827,2.6654861266484238
2.479415555893336,7.27447413850934,58.24110337043238,3.838654535108158,0.5595373526629284,2.229574226301202
27.10609332306209,1.858228335638965,179.16479909260022,3.3527315141981955,0.557461978028266,3.194483460679669
14.602442750531974,1.4911349063666481,70.85377171744896,2.151833780576724,0.7369873492933376,3.157257729729221
17.18225545328689,6.78305376565522,150.21354835745066,1.464166998045299,0.47946605875042936,2.5724820004704725
39.6072366227674,7.377804904391855,155.24128851261983,1.8723586073287122,0.4652827467650278,2.778416293199616
12.611487507923327,6.321982040141983,34.096569018355666,3.414308891885269,0.6185876796335263,3.005550092579518
32.94788268320947,6.996761207025374,104.2142667540903,3.6035301759047154,0.5165243477421911,3.112384963136807
22.103532995699304,2.889150947260971,18.819379737782512,2.2504618001764105,0.7813634534014121,3.529104417648026
5.001866477467423,5.964182394541638,124.52983600662783,2.230238733031932,0.518900521407153,2.107549008743411
9.879315126813806,2.26921673208156,81.46195887735405,2.0302744235009627,0.6852440503891498,2.8926498721086826
4.142431644942239,1.3611505051276387,24.744831714230802,2.490404957298842,0.8459289159702379,2.8771514038993797
9.59212528666274,6.177609221221479,17.589998610724066,3.2395978869548245,0.6484047483074105,2.868882808489636
35.00888622262672,7.920826749160779,96.23596538639846,3.275426480709889,0.5047032672751729,3.1336018342538043
32.36031926853038,4.700514041138631,169.19509880537825,4.271098598742726,0.5027472845875315,3.181231383257584
23.06463789656659,6.42533148572111,49.33647112561704,2.0971638881975094,0.5942090295394217,3.0226633301865062
10.713234740003399,3.790208531621068,63.913034324386956,4.0875201955981195,0.6583627313473123,3.192437043801056
26.18572501772413,3.5009197567583312,166.00651664184744,1.073047023494785,0.5319248237796194,2.9745122739770693
25.858568533952496,1.729103365305284,93.04919723455052,2.1846148883627103,0.6857614225155104,3.5008003142349615
24.101057135209377,4.61683170726631,175.6736852660237,2.985577830752688,0.49851812645417315,3.019097659849406
0.35852299691209844,6.4508590822041665,144.0400559293977,1.2642216495861947,0.49080784983698783,1.6536369650189429
11.848773790790275,1.0492283361920869,6.485390343949766,2.375367218340605,0.9119670580856853,3.451577091502255
18.00615178619214,2.5753985688717913,47.83281363697891,2.7261894377728058,0.7353361964516663,3.4794017572119333
29.26241730845713,4.028633198318839,79.72915486089722,2.1351701945093975,0.6256462813754887,3.2514711748181466
22.471292757732243,1.1530828737724663,132.00498273775588,3.221192297237124,0.6423211730469381,3.3551736100162124
14.32390978223578,4.603303801612676,163.7665668789269,2.448176324663496,0.5098423362687888,2.795558886441119
32.285745019372925,4.024557161074623,159.41202762034564,2.4632982179989034,0.5267900032245334,3.0745149803666765
18.411404148649652,0.490821606077418,62.91059417435093,2.6850951018421614,0.8007169283787168,3.569159488209221
20.61649094968727,4.1444834074386305,33.06090536487016,1.6642944062385876,0.697961454152791,3.2147553305803576
26.85569571499626,0.0335883396095884,150.67543228474284,1.2998713230865906,0.6517192149634652,3.2150223593569436
10.383264313620053,3.8473942241472603,153.72727951448707,1.839125044672308,0.5368863644365968,2.507690774903401
22.28126545179052,5.21302255280395,129.02176880513804,2.1488017284165872,0.5312074811720036,2.9492831558233266
2.588837054517752,4.30149911381952,137.32946824956892,3.3821582960583894,0.5438871377262589,2.305578775472727
9.750907632947467,1.1269932379463148,26.583992496102034,3.5291824680829884,0.8542105572182677,3.456890742762715
26.966606702499067,3.0614039235984443,78.45994718112722,1.6394128528962648,0.6607927952367167,3.2948345416472624
38.55552841525685,2.9488673452229177,124.9606411389439,1.3863845660941747,0.5953587402741805,3.1855673292522844
14.760288005205116,0.914357885499812,76.89854218588772,4.167573477344661,0.7503863267617925,3.5707552962509617
21.950285919348012,1.4288122509535262,142.20813340836685,3.4592580166163005,0.6179195945705142,3.399393609254603
21.09414876317428,6.953535011478658,125.68314704464689,2.142315290491642,0.49724365696576817,2.8907057161126892
14.190484048018316,7.822205196594788,64.10514324079791,1.2149419345741999,0.5392413322060677,2.5428796048631686
24.594060666332744,4.150373850115863,38.18518695103383,2.221947735327622,0.6885702271887182,3.3751747841620823
23.55204283331487,0.005649049303538156,44.0075572067084,2.390457642535499,0.8727681895916106,3.811969888337866
7.6640152502843994,1.5398642573636074,32.36396536340921,3.7053878699073053,0.8180050420176932,3.238318661672754
3.976962183595769,3.364941364635313,97.13656067766665,4.275908112285592,0.6215189155717157,2.7633931951702246
15.71266489596795,0.4768328143282421,106.90276009987359,2.2393940822928693,0.7105408418147507,3.311597896138006
12.79838186693568,3.4868776433356867,79.65992890164613,3.6379691459853976,0.64388317247511,3.298668283979842
20.25796615645229,0.07221095580439574,87.15279112791868,2.71831355335269,0.7676453403590617,3.657335245276064
8.60200693686107,7.27261917952256,174.85584956454716,2.3771811466168224,0.4527830743885654,2.2737485155482093
39.882639164155165,4.921329743347931,82.30405257341013,1.248487431930943,0.5943701622983084,3.010756172156446
13.086970703202127,4.64262920215284,62.552000040734185,3.676761923111719,0.6311230776009358,3.0888753592863236
24.73313719251388,1.6716731269152598,28.192721707032973,4.041666154235547,0.8210074219930343,3.923722790715916
16.3145927776478,4.711648698160579,124.52468535052772,3.615874368792435,0.5481154515243553,3.050399909280716
2.6108475257215247,1.386027476993485,134.23406447098225,2.4046167767691258,0.6310676545292566,2.2581619267722894
34.460743711725485,6.74882810094069,146.52459458920518,1.196496836307752,0.4831264028676945,2.815535017263992
15.518167579272358,7.797106317213606,34.40494801998574,3.1974433122406687,0.5745088706132657,2.9545020782947304
14.063176815347367,2.906201522981422,139.36999080491904,2.3018436666826325,0.5778163335147032,2.893938485187144
0.885993768979727,7.2413163601049595,88.45682732838716,3.73527055246867,0.5269823386559015,2.070638540426303
22.235286000087868,7.104333422281056,15.05939969486801,3.152702047368343,0.6212421422603898,3.258718544412103
38.336752588744936,4.710810863075062,144.5403424496145,4.273947891212821,0.5265572544813082,3.2920495027233736
37.699926198100876,5.577948624085234,116.86071903016872,3.42860117217011,0.5355917386792794,3.311660480235087
8.022943809690432,2.4291097224603035,43.71232811121563,3.6314247608961585,0.7501032326266404,3.041738832316518
26.964455440881792,5.116421511509794,45.5691292263911,3.527899923416798,0.6411443762078748,3.418376263827389
32.38536636770482,2.8537710324322116,87.75955305187836,1.1598513199872031,0.6531158437897134,3.182634999018828
21.49129453203015,5.683778863561644,88.01588883656959,1.7633213728956592,0.5657697219012832,2.9942876114510173
27.42924810809153,6.739711068202691,163.21647629722315,2.5713071627950557,0.46990104072002425,2.847227217406056
4.004853206552577,3.772448339269448,118.33292717672312,2.9057781800031153,0.580327499124532,2.3634196911217926
12.155051152360766,2.2199865059133392,144.53809076820022,3.6013860542251632,0.5906414458985016,2.9655676984601
27.67787315699978,6.310845453348463,80.90259667088586,2.410093944383427,0.5578187229992637,3.099391012636293
18.940698850313204,1.095897498804944,136.18362799665567,1.3560831363934975,0.6378067864348086,3.12748196624855
28.26178101398345,2.4364243916760557,123.85094120457657,1.5485620831763711,0.6124608159075144,3.207526943533607
17.873741443693035,4.663144133803603,113.68511250714906,3.8185780326307643,0.5619137916905985,3.1691653291682567
12.572961033087505,4.383092807748314,17.577222948240813,2.42263969237687,0.7169117573441515,3.0894886801956196
26.23484843811807,3.0421257317639787,172.2428269748837,3.9253786312374395,0.5360269093209852,3.2557590296592624
7.437980439514771,0.5805768776342068,127.54221092325632,1.5540862666567221,0.6699194668929831,2.7129635725964674
2.3094412261293717,7.907763038164933,25.933862369167336,3.0676425956219258,0.5821454840066227,2.2131515534336352
13.204150853594015,2.4248861407864277,110.21105742112377,1.1201345306655344,0.6328301730501731,2.9678842094239406
38.70096787474851,3.2665776880634816,70.51762928173855,2.439256779033161,0.6664594550126992,3.325203168448745
22.566180847160695,0.6499359712272952,119.50187537265407,1.6849106911269303,0.6810369664859901,3.3122430392282034
37.29372328964634,6.042378162889722,143.51069022746623,3.7813064701314234,0.49924220586471624,3.157904958348067
10.973066556683388,7.799140882584714,42.887544469374184,2.1666023152645386,0.564072282450905,2.657788087428348
18.1203565493634,1.905160953790789,65.75119220078285,4.144899505926312,0.7291022279825556,3.6447464835765686
8.77121939525571,2.4316082399890275,114.7082073461766,2.5945869293964696,0.6258765304130331,2.7864844981925287
30.67359052530271,0.1170559620544136,68.29522659741207,1.1364647242916912,0.8072185068204016,3.549948801516104
10.995558383803337,2.420976304552072,73.78961599120996,1.6189675441237414,0.6929079494725707,2.8708897267439917
1.320435546715082,0.5839448851513778,177.10275337534492,2.7122864094203756,0.5952059744536929,2.341102196103202
28.027142615752144,7.752628742446642,173.08214809497775,1.870215003786004,0.4468013663947713,2.7325179254987204
15.29265714285926,7.108920458589802,103.5080171866958,3.9565151165167802,0.5147978389805573,2.8996209184505903
8.5937513501251,0.12851912607298388,178.55445498737532,2.5012690034490843,0.606929249509071,2.8000205368041877
16.48744210531371,4.123303009154564,122.53678022474735,2.4899363116647653,0.5655397825234264,2.976263498607346
17.99432910385642,0.4815174250827612,102.72052395108845,1.4391962901377304,0.7182239773628487,3.302359123620277
7.3319882492824195,1.9506828732804236,62.71348782292993,3.5775185267147926,0.7330922437719561,3.0523879033498997
31.58735571858941,5.2594886476329705,53.24740586239926,2.155740870116297,0.6247636890590873,3.233087514937497
23.330063951394596,0.6528427867618483,114.58686201561277,4.269166938419012,0.6895322590473606,3.663653827626094
21.407027759479522,1.4662580779767138,58.627577154175526,4.036286375087008,0.7631104322297673,3.7144671608259667
21.544777194800822,1.6413924367710928,103.87410488062996,2.1220892410990118,0.6704750381979645,3.342660934250044
30.376336997935304,5.714279240856212,147.78711430929533,2.829660401313457,0.5019242850116215,2.9684338944637236
5.203551087692895,4.135381258921271,178.4294141346168,1.8505491052830951,0.5057165844023293,2.099965982402179
27.663824346974213,0.6030253500293812,95.05323410308023,2.4293843115113463,0.7278264595544088,3.499016783508287
39.84520850100202,0.10258974489764139,10.499208204911119,3.4100689236649306,0.9605664251568633,4.121600366926471
24.74139433964688,5.531900061757669,57.90933777626759,2.2975423315122865,0.6094096311869088,3.271964163285451
38.25973421080971,3.546121857253956,16.641303833499567,3.606269368300129,0.7552405038380816,3.7709939300476956
10.770663197305957,1.9331192481335915,133.20180089419907,3.5042300196030136,0.6149159188447995,3.040840669355172
4.607251290851049,2.620084146093986,23.871548665527115,3.474811163427086,0.783264866427543,2.856468222192028
3.5743531853995147,2.769472499209007,13.861688441127017,2.6794816407392803,0.7982616847458427,2.715586732563733
24.289021921967308,6.158314676490537,13.571380476807397,1.5235523536800843,0.6555126293883695,3.113001242258534
13.38889582453199,1.715191183030413,160.16131135431402,1.5084956861920276,0.5847339558464093,2.853224255520611
10.542266815642174,2.9806507387192953,55.81693777117413,3.843621166739455,0.7031472612239312,3.169383692867633
33.75797264454046,2.849897196286105,81.8307147690296,3.2902529049606706,0.6629019984199889,3.514429904984191
4.37976675565606,0.5581102215092475,77.63229615257002,2.464622879188887,0.7651664225302575,2.6786166583773876
5.390655193962428,3.703403387511922,8.651132678464727,2.5906559586693607,0.7647114456297472,2.810581994951337
0.636968357094081,4.16819462800779,34.364021578269416,3.8989375477764794,0.6946742630405549,2.529720465661546
16.990058728934084,0.629439318573132,163.06812506504244,4.012119073560345,0.6132237066211041,3.372583955516591
12.768559605511406,1.4940093110068906,88.8481309090538,1.4845819151712139,0.7025519929096316,3.0903227870016616
27.99189095295036,6.178726822016679,173.9320931718438,4.034415105059947,0.471161444217329,3.0377724630440284
1.264426267712646,6.064989060791119,67.56441283691592,1.9069954536953042,0.580751647419222,1.9907094224685993
32.91325778802402,5.918552381257316,37.55317865647169,1.013686339648081,0.6265322864323917,3.1490979232344394
39.867842984914425,4.609940678707284,29.77744216732581,3.110116828322454,0.6855744334795093,3.5160926198266567
24.16249892798041,4.198952813920955,17.748520783878263,1.4621677618564628,0.7243293655338723,3.271737197592853
22.866120189347846,5.431623954111722,171.1202474912004,3.838357058834944,0.4868112283361262,3.1422817176737827
36.11605436785224,3.995989373659355,56.12643206387678,4.068499597721498,0.6637116021930975,3.5974278260432184
2.727216537137238,0.8725466834948019,179.69059316098327,3.291330640148238,0.5834541107533979,2.471283465029944
28.520526727172633,6.301192139298119,80.41131850348607,1.4944558015222071,0.5586446541390313,3.0287856793512735
36.768291161922896,7.950723165236975,37.8749715830563,2.0402464208813447,0.5660938475184492,3.019574289886983
5.028067218767003,7.348141347347158,61.9766528064419,2.959533019208994,0.5532948289560702,2.3039493270509914
31.307206752789547,3.8256314938305422,31.58675895479984,1.0550881419396274,0.7136172414403237,3.318387281298518
13.984701533645518,4.362027443824628,118.28888652982496,2.76814559456852,0.5643306637758736,2.861493377345608
6.598933439637089,5.581116975115687,169.96913793023853,4.0081061685340655,0.4850047771060574,2.442829155155129
2.711662289133301,1.844994422995577,129.90294747160266,1.841637585980582,0.622503164854857,2.252932188495441
39.12131193875119,2.2228636155454655,150.89643618145226,2.116236312875808,0.5822804504126375,3.1803596132079437
33.18448096292718,1.8476117870085114,82.98878762156838,3.8048698120434485,0.6990542587259518,3.6066218485139556
29.66329980046182,1.448269962277057,140.04881163536928,1.371254899508626,0.6204312777532172,3.2071528537114653
24.12955668172109,4.465229312220225,41.14345386379315,4.187678562829777,0.6714973401745412,3.517278593212026
11.335524798094255,3.5012078998809306,88.77018750706159,4.1256055089478805,0.6294612329179463,3.137364272471103
18.76619281342775,3.172551406802297,5.719516869462919,4.207126950525303,0.7966211145584208,3.759284771679272
5.744846981871126,2.386780706319491,39.337586154262986,2.661420367375994,0.7610908313051834,2.784550431924968
1.7919667423970687,0.2283581446797136,132.83490081462108,2.275473058061678,0.6740724580953662,2.406966277251893
29.049060449626445,0.14298430021414266,124.98485237997195,4.15025559816389,0.6909848997437786,3.663732075617212
19.01910327500524,5.125171506687335,118.78749470071168,1.2809589815609959,0.5443544967968337,2.8632176666025773
36.68277435023726,5.3623129692235745,136.52556845039183,4.058208257884388,0.5201432063277122,3.238905675998238
7.58178971756454,5.0404801093503,101.20857744683371,3.2228717119094976,0.5669318375447656,2.583874898811932
20.94430225582918,0.5069312923286633,9.086648788695683,3.60022687909459,0.9384761086060356,4.052989056353647
27.05344835155717,2.5967197587840785,120.48540220410676,1.7512626645555929,0.612232293132353,3.18018287677562
14.690205808224853,4.212770683510508,53.06185447096475,1.2633463356635168,0.6609043696045498,3.0329871884981823
16.377534164761535,3.209611110991619,71.17657707273281,2.626382642507359,0.6674507617923289,3.2391776045723515
39.9090799078942,2.708436509956327,96.30046951680151,4.380828368210837,0.6446423722291101,3.6709487036509363
7.1545561033106875,7.7666966001509925,57.03660973017859,2.364656233439547,0.5484280727767787,2.353477861421795
10.645374104868583,3.0997222109230593,152.5765210697881,1.1904725455655272,0.5566154017336044,2.55883164255443
25.83216451813834,6.499197356793581,72.087989030588,2.032651880906112,0.5633510470877083,3.0983959837735777
30.023927090640527,3.8286746989349956,149.635573875109,2.2299571369950515,0.5417855474503587,3.0758335312189713
26.488359335953128,6.66535945941324,54.24392057023809,3.7800473640278547,0.5808950504936445,3.408880006206627
18.88203985874692,1.7915942709193118,88.93954373208092,3.4194259663005653,0.6905868120750365,3.4529202936034338
5.44968408888391,0.4274675750049477,74.39086056879799,4.145285971525958,0.778278549464482,3.1454216035703277
0.3069220373981363,3.1467605221758594,61.04347875112997,3.869883047756654,0.6871971229070397,2.4923572128029305
2.1913873229740055,6.46629846536973,105.90232700825362,2.1615323241257793,0.5265750586583959,2.0120320238028135
38.32721586909658,4.451332958910753,83.46876842375177,3.2754266465565096,0.6069066244132844,3.337619501171945
1.6977303298047586,3.824596152117932,87.55328253733333,1.192523783359835,0.62074655203849,2.0854703546754494
8.70836157606766,7.374767605936586,137.6978804873077,2.0228899917585217,0.4790569868902017,2.2750644471596053
14.516749197208657,3.7447649842105175,128.83207455717914,2.866212975496837,0.5680044266502388,2.9169310295934228
11.86759805593169,6.614743848160296,6.49097931892945,2.6139344116531973,0.6507597438984813,2.923183246449708
2.605775314674341,0.7739686817830753,52.44077162095067,3.6680643657192524,0.8104620638720628,2.9248827176685204
35.55180971885297,6.078363659290771,134.12133146233643,1.9479776737604617,0.5071828120206988,2.956675543703867
19.586970950326766,1.3807879916893686,127.97702397350112,3.9179536224621687,0.6407972721063575,3.5535034203165687
37.504022730420736,2.9845523466748514,19.349032573254558,2.3939601416673506,0.7756465100085573,3.6545376885576597
18.49756984230247,6.610338019730846,169.2209322694856,2.468409252460771,0.46747941987523733,2.720917175833873
18.876648748139093,2.926415543651377,59.45300072970308,1.0600119689018652,0.6986954603810827,3.070483737592752
31.065292245378057,0.3736952015969006,19.162458457892,3.0858260985428223,0.9180743335094732,3.978868335501528
4.146325068881405,2.0724655990439738,12.72764536527368,2.5554281974342485,0.8369907353003445,2.851475758540248
27.80209195217742,5.765078344177435,15.88332854735773,1.4475421535142594,0.6659056644165937,3.2725302557975935
17.323067470056447,4.009401280278774,41.49724192078629,3.647460718069339,0.6881983343802124,3.506361569534596
8.710900129813105,3.1857017286086773,135.20209108008183,4.01516466240132,0.5753258217573145,2.869718098071559
24.747092660586677,7.605295521819954,67.60662131582562,1.736916220451834,0.5406269860442954,2.9703862228100544
19.270732874203894,5.28511504225107,10.032087159168583,3.3781529832185346,0.6942433801238389,3.485303011147304
14.035979976809543,2.5114619122425843,160.53180894186596,4.058987231622821,0.5624981680563308,3.0611515375304004
36.01203818395704,6.356901635723488,117.9051416125538,2.104477326349825,0.5169046182325558,2.9963223816109603
26.073699313348587,6.348197052806751,124.21059070519506,1.3231069011275307,0.5109596822107652,2.7368553227554733
20.501882479075917,2.3888532457065246,113.70023438750171,4.228062614945355,0.6287757026023966,3.5279166032178217
38.12836849314473,4.9781069960626745,57.230603646142455,2.1844291801670943,0.628038351861131,3.22705696550702
26.65338763090937,6.647366103016389,58.089462814611586,3.709804795309511,0.5765248559746898,3.232873884249276
0.5633841599902301,4.39110346959751,147.24090095961438,2.7528501626622024,0.5310636388736156,1.921148949385973
32.13021729953021,4.217568893655904,60.319978325639845,1.8730193177899093,0.649024362381156,3.243501925290203
29.687929430975682,6.810282499200847,164.32037188652436,1.00719946261684,0.4678618473373727,2.713047535434375
25.455832584699998,4.763416469511394,9.241145589090506,1.3133493910039575,0.7168529329721306,3.3481426277309287
21.934999691129597,6.92335779976452,71.26878928771222,4.109556806931779,0.5533559742985888,3.164715758066754
19.291247978083803,6.439492586116896,137.57189949483273,2.405116246531499,0.49672449758959486,2.8368550328139652
20.45113411815718,5.754460916069154,139.34774469923934,2.8442748740911465,0.5089793417743331,2.9981991314536733
37.17032557804686,5.716049054743425,8.85891083778383,1.642313717803365,0.6796340084820103,3.3306322536647146
12.342742999847252,2.626026645824032,56.876415520139695,1.5176214629866092,0.7156936243529157,3.028394684528183
23.14000093426362,5.970963302591215,78.10626139999526,1.0031706077675455,0.5701441063598145,2.9053272963333168
1.6406139415064924,3.198666652762742,50.78084277398382,2.5537579624538864,0.7035868302135818,2.421161695199205
22.341511692549684,4.481711691599718,60.600848527723606,1.9193653818923926,0.6394921292882119,3.1192705189655716
5.6105026699950455,1.7855167343054932,50.30928498524083,3.20648673412823,0.7658436642975315,2.9409584064707555
4.624347447255417,2.825648239054563,82.04518749629331,2.162030888941013,0.6634285951588414,2.529972352728288
8.26632161832823,5.925304888613902,110.53696795613016,2.3345850370544206,0.5341844570321606,2.372497505772545
18.186286288760677,6.344945390768408,19.52009099805514,4.0411899767710135,0.6396304482621875,3.4213054414530832
33.27489839410775,5.225161710262768,20.373543867052106,1.712021670670842,0.6784020090300342,3.29770581132004
3.1557189863479396,7.262021963332119,37.19093506870952,2.3907043344685412,0.5859532780040678,2.238122813048303
1.7112401070580407,4.437458815893484,160.96868917286506,4.068185056477057,0.5160821357653784,2.189440749203128
0.267370394899622,0.8575008068866321,26.572042674648518,2.3272811300714404,0.8693801096983875,2.7103072294662165
5.937943849682079,7.592860985285954,60.72027990649618,2.528525454044803,0.5485870197236802,2.273788871617359
19.199878017754642,3.1797620765321186,29.482295194811215,2.0953642616596238,0.7454538698725282,3.3873537078882183
32.02719711338102,5.703838429172792,151.45700497326948,3.130627922913094,0.4987913059120602,2.9371668609525647
39.68576259228928,0.9516637936652037,19.830017967348724,1.5314534964027129,0.8815968501510094,3.7882869524478244
22.858531086200195,5.119222242673228,45.08043194705425,3.589891774606318,0.6418072755603861,3.454957491543109
27.590704851739257,3.691812181480106,130.6782998938312,3.479124130506506,0.5671757935749828,3.353921222498909
10.679082634425509,0.593410534180955,30.53164039075471,3.022509793347785,0.874189279983598,3.4248450140891156
16.043119685886733,2.350070860431294,140.40478374701527,4.068670143041342,0.5923260200662015,3.275882460870612
10.349359609180357,3.962412900276843,143.3947629046258,4.385791198360529,0.5454380733029783,2.8955036378286647
22.05197845037467,4.652893605606677,139.77417828257913,1.2176182464339196,0.5328638156431199,2.8473513651851867
29.854144450307075,2.818631453124926,144.5491129639238,4.224146801935435,0.5737391832663119,3.3530389705557573
4.601662033647034,0.3149991333724085,81.18517023252679,3.9354198593854255,0.7689784978760972,3.0511083966118133
21.49904287016906,5.188147484301062,16.66696535578049,2.625206387697114,0.6862584299851004,3.2846131010974213
7.520890165904581,5.973612776532647,120.5683202062311,3.0242605963866125,0.5226678586941187,2.3114534951654315
28.502341386884062,0.757618488003164,8.896121589951617,4.017516747235566,0.9232087718314372,4.081551526557389
15.630211861979193,1.3144312543532735,167.39426047467288,3.3769341442964285,0.5867911376512619,3.223194955315243
14.492949619861296,4.035266456802857,11.788171469671425,2.4246314513566345,0.7431778212051255,3.241986094069692
18.068515743719615,3.1742567941679196,163.1805760047558,2.282707346901926,0.5427239440125473,3.052286274965996
16.748791564124396,7.4271492060906095,23.646173915734018,3.245396475410973,0.5991313593149143,3.1700457874832706
16.04487700288427,4.211975336298555,133.630986609316,4.340849242518453,0.5502522041419691,3.1577143157379632
32.993868135419476,5.336426146663393,152.81343600872805,2.248869227712289,0.5049633521310446,3.07501351898998
17.15010522295801,1.8401571541484767,70.2947459759774,2.3329065236311575,0.7230722833241329,3.3579345095094353
27.308816392912043,0.05276978492966311,49.184715465821995,2.5322362541446606,0.8568169041752014,3.823070373889111
7.0688284628069376,5.176832523351415,87.30152545234156,3.25525445880544,0.5804995068963141,2.5963667531805563
34.39702098619314,2.6598603877084885,51.35987238922935,3.23751149592551,0.7248092866284954,3.5781746738622235
32.617108291042854,2.4600440871614833,109.81267036748201,2.237347104594284,0.632263199579046,3.3909076151928574
3.5269628663781383,4.181130848404833,179.4268760387015,3.9803795233307846,0.5038512458679066,2.220189117590592
36.65269510483347,4.130273741403667,172.5299591454046,3.158832330636103,0.5114156019892193,3.190119490125313
11.179301948027254,6.305123801613425,81.28477679923675,1.2699584586307655,0.5575185346415021,2.450008515936642
6.12528153668344,3.422785825839874,120.00347210842858,2.2100936068231984,0.5881068518495022,2.4860496561820664
9.895568806953122,2.717067725954399,107.03774511045083,1.9010472721522325,0.6279425227139745,2.7322742969847034
33.32855088368995,5.597919771693303,117.6658544479553,3.987432189893176,0.534262800662296,3.2294372265161146
28.789456500718032,4.126001983947287,61.202192696547364,3.0166013052659113,0.6508252904927523,3.410120622238654
32.13857285180498,2.507949242263307,39.55576996486721,4.052467265529739,0.7550860201838285,3.7963970686693003
26.41218089788888,3.841329017057583,107.12056513833541,1.6604241853026949,0.5929599099709857,3.106623977342738
25.72109803084494,6.569239526382837,126.85914685578305,2.9065928581201907,0.5038784324186151,3.0442876393010185
27.687954056178103,0.9802791529431909,149.46273498454406,2.791852248846431,0.6217183108462783,3.410350877158532
30.086591728164844,0.27678581587564377,79.40859570759469,4.115560170764843,0.7745910999793828,3.9379184934932683
0.20834595855249383,4.595026569014699,129.13151840864373,4.383702270540622,0.5458240978641464,2.22479934135809
37.69926300674801,6.516310308523194,70.76159289529944,3.673364178510208,0.5644905968808803,3.303207921617238
7.419901272339446,3.4381547955061835,163.82537681759857,1.1424770968633815,0.5357104280310307,2.283486744102979
35.40179996880965,0.051429428024166945,158.41220605731834,2.2532432198331045,0.6389599335109568,3.342606403385388
11.514708140749335,4.498174298330807,120.64138966126187,2.5353414375637,0.5579828093317432,2.849797450770137
20.116511709202012,0.511918469762068,58.040691726615485,3.7013731181148373,0.8108454825732678,3.850697154624178
11.451683235428698,0.8039270206671203,172.37635828272641,3.7731323667116095,0.5950541006889819,3.0375234241066567
4.2907545111806655,0.889130030376351,119.42508975295716,1.0132870418875983,0.6721607985135207,2.508326647819202
39.64664805316022,0.39516510029791885,38.06021718654927,4.281912605014844,0.8659823182091393,4.036189127205089
7.963135650794322,0.06713214466923478,59.42016255794718,4.253474737948407,0.8307417055051118,3.320733747013695
7.061676033330011,5.660742863821696,138.93776587127886,2.1046495827544707,0.5113405364309374,2.3436801725365006
23.61069914112562,1.4147843953803374,68.02533196196894,1.3076490981375586,0.746034293862669,3.4302868643773192
10.143656723062984,5.905948985691122,53.7537774883546,2.0182411413238475,0.603733321423839,2.6524502336298337
10.611370166967987,1.5782913027359156,104.26420562308013,2.386823872589572,0.6721596754996495,3.019086561332562
9.423876787426178,3.4742602899112054,114.88680704560339,2.7192450033944278,0.5933720347514936,2.807242161132017
17.36835167229014,4.526791805285466,148.37481830576507,1.2185672529569016,0.5267776817923576,2.6960277384471483
5.550247590818831,1.075333656849769,95.11541074938302,2.537881205567535,0.7079743044880237,2.6809459766816537
14.80112477394821,4.378416665978987,49.02944241244958,2.593727715586254,0.6615417646897334,3.1255318959189724
36.04618094456709,7.122143896400045,100.4903388422506,2.546649867112246,0.5174766912107042,3.053504945121737
22.922479278709396,7.739535148459608,56.760026269748565,2.5055656994034914,0.5494171262733666,2.999184915644835
19.03235642408092,7.383442440519498,100.63769641777388,4.14881273214767,0.5117257947234632,3.1287725335003085
16.06733761989451,1.5598936257009939,10.716632332362053,2.2091213277444366,0.8704234657268441,3.540541299315215
38.21112801105913,1.8002022770429384,104.83493994368362,3.786784087366924,0.6630489425179896,3.6650583260552074
28.32020884442467,6.7777408279804785,104.74847283830066,1.8840286468399399,0.5207822298148298,2.9109281514631475
23.394022066242044,1.5322635910455213,91.652578391413,3.106976146684193,0.6959355109620935,3.4904084990861506
27.19941244550948,5.129708018541372,12.282907037928638,1.3763339515823194,0.6963422626414663,3.3280601521301305
33.329065120510265,6.569350228504482,105.95258521360961,3.001720828166493,0.5242009285246612,3.1805444015672064
31.1769938363733,1.8362411058101582,41.13489057803127,1.1358114442205407,0.7832235819371887,3.473678989359789
38.64694383022456,1.5127578649425315,61.478844067042,2.7628089882965594,0.7550263172259556,3.6187436928837253
25.364828946268933,4.225243135063932,51.81472699077998,3.923746623742455,0.6625036471020476,3.6412769002587906
32.80622838961945,7.357162219150081,13.929608614926945,2.560280649671415,0.6148346909164268,3.2556978515453032
9.826831954996308,7.533127765069531,125.172257319505,3.602687198917708,0.4865693001314946,2.5829459090441604
15.693067823604698,0.2215651275084074,87.64189608534619,1.6511420606060714,0.7596896405689788,3.3416678018627555
33.673079408137696,1.4029791333468138,15.238267967538988,3.8288173085636505,0.8676571159348632,4.145512097376834
9.459630259221065,0.8257660904825066,94.51167586184553,2.1426730066057598,0.7194335872669859,2.9511680977956574
15.219924680202016,7.3672510842731045,71.6239291625932,1.1355017181165028,0.5419647156048646,2.6251525813959837
6.149465964032053,5.248173072774062,108.61866502047978,4.102615914377142,0.5527856314724324,2.591273223169303
8.004065721071477,1.280173589726898,154.823686451439,3.7237226923776374,0.6046973371634796,2.822071288934173
3.7439153236830647,7.744599371409845,16.10249718759146,1.100802020478475,0.5998934451912079,2.02982063352269
39.818874106927694,7.598493596293241,142.89476492590163,1.5341092228307245,0.4710078251659412,2.7481660793481475
26.6306602025644,6.6850566839751835,159.7042959721137,3.8600306421451402,0.47358129497667534,2.9960035722970457
39.2002197923283,6.552572320008333,167.17765393885537,1.9011179989854639,0.47002146198421835,2.7289849671715043
11.913053587506077,0.13310303844587157,120.43019405789573,1.9401264139490677,0.6995584483295068,3.125299852548595
21.27507941897929,2.6540519992686864,102.85538844031103,3.256738038319478,0.6363494476244246,3.443635805078619
32.53212024099617,5.808390769016725,139.25759072753527,4.277371313804117,0.5079405474714707,3.1886418096388622
9.155177522308481,7.788036345570806,8.37930178073803,2.859239188660503,0.6092620467117345,2.724935317996565
31.69292446426101,5.081100271821468,33.67654267848812,2.4005897027155663,0.6613673799578292,3.2785933853236897
25.23554647924367,5.348599443762028,125.5494417866798,2.062971281333168,0.5317226331860901,2.984654711642297
19.456899026921228,4.85557740308095,101.81130088700337,1.1960203765367665,0.5711694641310281,2.8142893068601333
7.98832374354685,7.675721964251125,22.982540615514893,4.106540118902016,0.5926689318991605,2.739812663338209
16.48477446366364,7.911960446596027,77.81306449550618,3.827329653913174,0.5227808477374161,2.973975695883815
31.11060343285707,3.7164745455122423,122.53913519644976,2.1619840435647113,0.5765624934220053,3.0936017915702387
36.721632486755674,3.177764938580186,152.20084615840477,3.6710845144397557,0.5550556644233849,3.3332879226123016
6.394196622178692,4.653015425289227,138.64634638326578,3.3836856401873345,0.5340578078954437,2.5607023740251225
10.039546386603003,2.718118733713519,34.04866879532055,2.7866884415245448,0.7569170137926218,3.1421024451749475
35.969040944895724,3.54594932316025,56.21952211754879,1.9720663675944805,0.6802930426427283,3.287652729233399
39.45057396920373,1.0084618587862106,103.3201902183013,4.301254938468875,0.6956764852402919,3.8421697991051036
36.05133105826437,7.376777407137206,105.74866229378962,3.065592798617961,0.5070016691233405,3.073506909269674
37.89155260082515,7.7934285401548085,112.83653935838281,2.0745947015437203,0.4922591343840466,2.7606778545567576
9.780748390554116,6.673217116918259,63.87066802684972,1.542146103726088,0.5686575190472714,2.404256046142523
7.9057062064769745,7.780533208039743,157.89299682651583,3.6593775660386934,0.45685653128876447,2.410762832882792
24.730936659404822,6.6478641273966534,20.65551791306843,2.164421721589032,0.6278005042247523,3.223074926285141
3.356032535378035,3.9915619231535615,124.93582009675026,2.8110624690446597,0.56614307799705,2.2798019418611415
0.657790251051642,2.9500569297246484,91.49957789149651,1.9819273076401023,0.6438369181561772,2.219880736044922
33.87923942169747,3.4819261005222,131.8797236491846,2.908341969296816,0.571356766242004,3.200283940344124
8.16007873149501,2.3229694302542487,73.3492091561349,4.225191496662795,0.6975727339529021,3.082840031530374
14.230229361294624,0.36104014813226737,62.92058530367945,2.7366827197308767,0.8072346209472656,3.467373010513681
36.12284934361741,2.9126278150775686,33.073531578211615,3.365626227470901,0.7501060938507855,3.7232260012201572
34.25688322765459,4.91544821310753,6.192525260964514,3.806458394218651,0.7162923057798898,3.613035088171594
31.76453580835887,2.390652990382141,20.94193651621447,3.467604615396176,0.801109387450424,3.860095735902202
11.197447453132995,0.11855946245354954,7.752945749958293,2.80089312188409,0.9677966601994354,3.5907337147337404
20.48743691582184,6.410671350731891,100.57320329125677,1.2051618569875029,0.5334253383612343,2.6975948803121512
5.975728899500048,5.161714795712675,58.832698126284775,1.9041255101919505,0.6197333925823125,2.4446691411059027
27.499774057307256,1.4676832923372247,91.6891286561876,3.907592023372044,0.6984345481483869,3.757364779860244
25.08546269598287,7.180760900802494,46.03416226087135,4.202471369800559,0.5769281407530855,3.2693490034037214
